mmsi,callsign,tonnage,length,ffa_ENGINE_POWER,ffa_ENGINE_UNIT,power
416,BH3233,496.0,52.65,1100,HP,825.0
512000,ZMAE,1355.0,61.0,3070,HP,2302.5
4162316,BJ5024,95.66,23.9,940,hp,705.0
8615784,3FXQ4,2856.0,91.02,3660,HP,2745.0
22412400,EBTL,7207.0,132.9,5850,KW,5850.0
41600201,BK6151,31.96,13.12,450,HP,337.5
41673000,BI2037,995.0,71.4,1617,KW,1617.0
43155900,JGJK,499.0,64.67,2000,PS,1480.0
44125100,DTAB7,442.0,55.09,1200,HP,900.0
44190000,6LJG,411.0,56.07,1200,HP,900.0
55700300,H4PU,199.0,37.65,662,KW,662.0
57675000,YJSK9,93.18,23.8,760,PS,562.4
57725800,YJTV4,587.0,55.52,1000,PS,740.0
57725800,YJTV4,587.0,55.52,1000,PS,740.0
57730800,YJUH4,598.0,49.82,1600,PS,1184.0
224523000,EAHJ,2502.0,84.1,4880,HP,3660.0
224651000,EAQT,2479.0,84.1,4880,HP,3660.0
244542000,PESF,3979.0,107.69,4200,KW,4200.0
244820009,PCOZ,5100.0,117.27,4902,KW,4902.0
245317000,PDKK,5471.0,126.29,5400,KW,5400.0
273353640,UBZH8,4148.0,116.57,4500,PS,3330.0
300472502,BK6725,43.37,20.8,440,HP,330.0
303137000,WDG2517,1930.0,76.5,4425,HP,3318.75
303343000,WDF8203,1930.0,67.3,4425,HP,3318.75
303345000,WDC4205,1072.0,61.87,3600,HP,2700.0
308564000,D7AL,5225.0,115.0,5001,KW,5001.0
312307000,T3QM2,25800.0,181.61,7168,KW,7168.0
338013000,WDE6789,2450.0,88.39,4500,HP,3375.0
338074000,WDE2379,1416.0,71.79,3000,PS,2220.0
338298000,WDE5728,1416.0,72.37,3200,PS,2368.0
338394000,WDE2381,1517.0,70.59,3000,PS,2220.0
338539000,WTF4069,1340.0,78.94,3600,HP,2700.0
338540000,WCX7689,1498.0,76.81,2800,HP,2100.0
338622000,WDG5637,1299.0,61.89,3600,HP,2700.0
338712000,WDE2398,2019.0,79.77,3900,HP,2925.0
338793000,WDE3526,1517.0,69.42,3000,PS,2220.0
351478000,3FNT8,12413.0,144.34,10332,HP,7749.0
352085000,3FDZ4,4964.0,124.7,5150,KW,5150.0
352241000,H3CN,4522.0,113.37,4070,HP,3052.5
352247000,3EPS8,5286.0,115.0,6800,HP,5100.0
352349000,3FNR3,7307.0,134.02,9600,PS,7104.0
352351000,3EJD5,7313.0,134.02,6355,KW,6355.0
352475000,HOAJ,4392.0,120.73,4200,PS,3108.0
352515000,HOAL,6117.0,145.5,7890,PS,5838.6
352533000,3EGN7,3574.0,99.02,5400,PS,3996.0
352545000,3FUH5,2689.0,96.95,2800,HP,2100.0
352784000,3FVX3,7307.0,125.03,9600,HP,7200.0
352894000,HPFK,4499.0,120.75,4070,HP,3052.5
353242000,3FHP2,5757.0,116.59,5950,PS,4403.0
353306000,3FWG8,7367.0,135.03,9600,PS,7104.0
353692000,D7NB,3696.0,108.02,3604,HP,2703.0
353937000,3FMK4,3260.0,92.21,4500,PS,3330.0
353981000,3FVQ8,9997.0,148.0,15600,HP,11700.0
354062000,3EIN8,4970.0,124.7,5950,HP,4462.5
354469000,3EHB6,4939.0,124.7,5150,HP,3862.5
354683000,HPLA,2581.0,88.94,2000,PS,1480.0
354716000,3EHA6,4936.0,124.7,5150,KW,5150.0
355141000,3FEJ5,2829.0,93.88,3315,PS,2453.1
355199000,3FYM4,3767.0,100.72,3089,KW,3089.0
355513000,3EAX9,5024.0,117.86,7200,HP,5400.0
355643000,3FUJ9,5321.0,125.67,5148,KW,5148.0
355802000,3EFN9,4446.0,120.7,5600,HP,4200.0
355874000,3FPM2,3520.0,91.41,5400,HP,4050.0
356065000,H3OD,2596.0,88.94,2000,HP,1500.0
356386000,HOZZ,4444.0,120.7,5000,PS,3700.0
356514000,3FHE6,7800.0,138.0,7050,KW,7050.0
356517000,3FLM8,6971.0,130.02,9600,HP,7200.0
356567000,HPXZ,12413.0,144.34,10188,HP,7641.0
356591000,3FWH6,4177.0,122.46,6200,HP,4650.0
356609000,3EBI9,9070.0,148.5,9200,PS,6808.0
356728000,3ETB8,6082.0,116.33,9463.81,HP,7097.8575
356889000,3FVD,3767.0,100.72,3089,KW,3089.0
357020000,3FQH9,4361.0,109.0,4780,KW,4780.0
357058000,3FWC9,4513.0,120.75,5600,PS,4144.0
357497000,3FYZ6,4970.0,124.7,5150,KW,5150.0
357735000,3FSC9,7367.0,135.03,9600,PS,7104.0
357805000,3FTR9,12383.0,152.94,10188,HP,7641.0
359001000,YSC2001,3005.0,91.9,4920,KW,4920.0
359002000,YSC2002,2109.0,78.8,4800,KW,4800.0
359003000,YSC2004,2058.0,78.1,3270,KW,3270.0
359004000,YSC2005,2157.0,82.83,3270,KW,3270.0
366020000,WDE5890,1517.0,70.59,3000,PS,2220.0
366270000,WDE5730,1415.0,72.57,3200,PS,2368.0
366304000,WDA4699,1809.0,72.63,4300,HP,3225.0
366878000,WDC3424,2110.0,78.64,3600,HP,2700.0
366903000,WDD9174,1416.0,71.79,3000,PS,2220.0
366967350,WDH8357,2110.0,72.42,5500,HP,4125.0
367084000,WDE5895,1415.0,72.37,3000,PS,2220.0
367113000,WDE2397,2019.0,79.77,3900,HP,2925.0
367168000,WDD9140,1097.0,58.22,3600,HP,2700.0
367179000,WDD9952,1416.0,71.79,3000,PS,2220.0
367304850,WDD9182,1517.0,69.43,3000,PS,2220.0
367318980,WDD9994,2310.0,89.21,4500,PS,3330.0
367333000,WDE3676,1466.0,68.24,3960,HP,2970.0
367340920,WDE3560,2310.0,89.21,4500,PS,3330.0
367344000,WDE4114,1517.0,70.59,3000,PS,2220.0
367359220,WDE4890,1091.0,62.08,2875,HP,2156.25
367377660,WDE6234,1691.0,75.34,4500,PS,3330.0
367383720,WDE6712,1691.0,75.34,3200,PS,2368.0
367463000,WDD9953,1517.0,70.59,3000,PS,2220.0
367640000,WDD5547,1341.0,67.36,3600,HP,2700.0
367666000,WDD5296,2024.0,79.28,3600,HP,2700.0
367767000,WDD8838,1416.0,71.79,3000,PS,2220.0
368046000,WDD8934,1415.0,72.37,3000,PS,2220.0
368083000,WDF9777,1518.0,69.92,3600,HP,2700.0
368489000,WDE2195,1167.0,69.92,3600,HP,2700.0
370070000,3FCY3,5131.0,115.0,6800,HP,5100.0
370115000,3EAJ9,7303.0,134.0,9463,HP,7097.25
370178000,3EDS9,11375.0,144.08,6480,KW,6480.0
370981000,HOYH,2946.0,84.64,4000,PS,2960.0
371100000,HPQB,2436.0,82.82,1912,KW,1912.0
371335000,3FEO6,6268.0,143.52,5995,KW,5995.0
371596000,3EVX5,4989.0,111.56,4900,HP,3675.0
371790000,H3XA,4202.0,107.96,3500,KW,3500.0
372199000,3FTJ4,4963.0,124.7,7000,PS,5180.0
372594000,3EJQ3,4364.0,109.0,6500,HP,4875.0
372825000,3FJL9,3835.0,103.73,4400,HP,3300.0
372910000,3EVC7,4986.0,117.8,5295,KW,5295.0
373443000,3EXR3,6420.0,120.5,8922.25,HP,6691.6875
374014000,HONN,1610.0,74.05,,HP,
374045008,HP6825,1596.0,80.26,720.6,KW,720.6
374048000,3FRF9,2495.0,95.2,3300,HP,2475.0
374115000,3FKX4,4444.0,120.7,4120,KW,4120.0
374140000,3FEQ5,2900.0,95.2,3300,HP,2475.0
374173000,3FYT4,1998.0,80.68,735,KW,735.0
412200115,BZTH9,242.0,37.25,450,KW,450.0
412200116,BZTY2,242.0,37.25,450,KW,450.0
412201817,BZYB2,271.0,37.6,810,KW,810.0
412201818,BZYB3,271.0,37.6,810,KW,810.0
412201849,BZYB8,500.0,37.6,810,KW,810.0
412201851,BZYB9,271.0,37.6,810,KW,810.0
412209183,BZYL6,558.0,55.6,735,KW,735.0
412209233,BZYB6,271.0,37.6,810,KW,810.0
412209234,BZYB7,271.0,37.6,810,KW,810.0
412217989,BAWB,1095.0,63.0,1986,KW,1986.0
412270001,BZZY7,602.0,56.17,735,KW,735.0
412270024,BZZY8,1284.0,70.59,2352,KW,2352.0
412270057,BZSX3,647.0,57.38,1029,KW,1029.0
412270058,BZSX4,565.0,54.4,956,KW,956.0
412270059,BZSX5,647.0,57.38,1029,KW,1029.0
412270059,BZSX5,647.0,57.38,1029,KW,1029.0
412300365,BZSH9,255.0,35.15,698,KW,698.0
412320019,BZZQ3,577.0,54.01,1103,KW,1103.0
412320021,BZZQ4,619.0,55.6,1176,KW,1176.0
412320023,BZZR6,199.0,37.6,330,KW,330.0
412320024,BZZR7,199.0,37.6,330,KW,330.0
412320025,BZZR8,199.0,33.76,330,HP,247.5
412320026,BZZR9,199.0,37.6,330,KW,330.0
412322280,BBQR,3260.0,92.23,3310,KW,3310.0
412322340,BCIO,3218.0,91.5,3309,KW,3309.0
412324380,BBLZ1,145.0,30.87,330,KW,330.0
412324390,BBLZ2,145.0,30.87,330,KW,330.0
412326560,BBKF,148.0,36.0,330,KW,330.0
412326877,BBCH8,255.0,35.16,698,KW,698.0
412326881,BBCH2,255.0,35.16,480,KW,480.0
412326882,BBCH1,255.0,35.16,480,KW,480.0
412326893,BZSI6,255.0,35.5,450,KW,450.0
412326894,BZSI7,255.0,35.5,450,KW,450.0
412326895,BZSI8,255.0,35.5,450,KW,450.0
412326896,BZSI9,255.0,35.5,450,KW,450.0
412326901,BZYJ2,223.0,37.6,447,KW,447.0
412326902,BZYJ3,223.0,37.6,447,KW,447.0
412326904,BZYJ5,223.0,33.74,447,KW,447.0
412326905,BZYJ7,223.0,33.74,447,KW,447.0
412326905,BZYJ6,223.0,33.74,447,KW,447.0
412328714,BZSJ9,653.0,54.56,699,KW,699.0
412328724,BBZN9,276.0,37.56,698,KW,698.0
412328726,BBZN7,276.0,37.56,698,KW,698.0
412328728,BBKV8,255.0,35.16,698,KW,698.0
412328742,BBKV5,268.0,42.8,720,KW,720.0
412328756,BZTK6,270.0,36.52,550,KW,550.0
412328757,BZTK5,270.0,36.52,550,KW,550.0
412328758,BZTK4,270.0,36.52,550,KW,550.0
412328759,BZTK3,270.0,36.52,550,KW,550.0
412328761,BZTK2,270.0,36.52,550,KW,550.0
412328783,BBDP8,206.0,40.93,540,KW,540.0
412329402,BBZS1,357.0,45.6,735,KW,735.0
412329403,BBZS2,357.0,45.6,735,KW,735.0
412329416,BBKV6,255.0,35.16,750,KW,750.0
412329417,BBKV9,276.0,37.56,750,KW,750.0
412329418,BBFC8,276.0,37.56,750,KW,750.0
412329426,BBIM9,255.0,35.16,720,KW,720.0
412331014,BZTX2,684.0,56.94,1000,HP,750.0
412331026,BZYX8,577.0,53.51,735,HP,551.25
412331078,BCFC6,720.0,56.0,1470,KW,1470.0
412331079,BCFC7,720.0,56.0,1470,KW,1470.0
412331086,BBLM6,265.0,41.7,750,KW,750.0
412331099,BZSW,157.0,29.0,351,KW,351.0
412331101,BZSW2,157.0,29.0,351,KW,351.0
412331102,BZSW3,157.0,29.0,351,kw,351.0
412331103,BZSW4,157.0,29.0,351,KW,351.0
412331104,BZSW5,157.0,29.0,351,KW,351.0
412331105,BZSW6,157.0,29.0,351,KW,351.0
412331122,BCFC8,720.0,56.0,1470,KW,1470.0
412331123,BCFC9,720.0,56.0,1470,KW,1470.0
412348301,BZZO7,669.0,57.68,1000,HP,750.0
412370007,BIWJ,619.0,57.02,735,KW,735.0
412371178,BZ6UW,577.0,54.07,698,HP,523.5
412371179,BZ7UW,577.0,54.07,698,KW,698.0
412371181,BIWM,1640.0,75.47,2880,HP,2160.0
412371182,BIWO,1640.0,75.47,2880,HP,2160.0
412371191,BZ6UY,577.0,56.17,735,KW,735.0
412371192,BZ7UY,577.0,53.51,735,KW,735.0
412371194,BZU8E,1792.0,75.34,2648,KW,2648.0
412371197,BZU4E,411.0,49.3,596,KW,596.0
412371198,BZU5E,411.0,49.3,596,KW,596.0
412420109,BZVZ8,634.0,56.5,735,KW,735.0
412420236,BZ8VD,297.0,40.5,698,KW,698.0
412420237,BZ8VE,297.0,40.05,698,KW,698.0
412420238,BZ9VD,297.0,40.5,698,KW,698.0
412420239,BZ7VE,297.0,40.5,698,KW,698.0
412420433,BZ7VG,299.0,40.5,698,KW,698.0
412420434,BZ8VG,299.0,40.5,698,KW,698.0
412420435,BZ9VG,299.0,40.5,698,KW,698.0
412420436,BZ1VH,299.0,40.5,698,KW,698.0
412420582,BZ2VT,394.0,44.8,698,KW,698.0
412420583,BZ3VT,394.0,44.8,698,KW,698.0
412420584,BZ4VT,394.0,44.8,698,KW,698.0
412420585,BZ5VT,394.0,44.8,698,KW,698.0
412420817,BZ9VU,473.0,49.0,928,KW,928.0
412420818,BZ8VU,473.0,49.0,928,kw,928.0
412420819,BZ1VV,473.0,49.0,928,KW,928.0
412420821,BZ2VV,473.0,49.0,928,KW,928.0
412420846,BZ7VV,460.0,47.59,735,KW,735.0
412420848,BZ9VV,460.0,47.59,735,KW,735.0
412420849,BZU5B,460.0,41.0,735,KW,735.0
412420851,BZ5VW,460.0,47.59,735,KW,735.0
412420863,BZU6B,428.0,45.0,698,KW,698.0
412420864,BZU7B,428.0,45.2,698,HP,523.5
412420865,BZU8B,428.0,45.0,698,HP,523.5
412420876,BZ6VY,510.0,52.0,882,HP,661.5
412420892,BZ9VX,496.0,49.8,1029,KW,1029.0
412420905,BZ8VZ,461.0,47.0,810,KW,810.0
412420906,BZ9VZ,461.0,47.0,810,HP,607.5
412420918,BZV4N,1813.0,75.34,2648,KW,2648.0
412420919,BZV5N,1813.0,75.34,2648,KW,2648.0
412439604,BZU8K,1152.0,72.37,2574,KW,2574.0
412439605,BZU6K,1280.0,70.59,3200,PS,2368.0
412439607,BZU7K,1284.0,70.59,3200,PS,2368.0
412440029,BZ6US,619.0,55.6,1176,KW,1176.0
412440031,BZ7US,577.0,55.97,698,KW,698.0
412440032,BZ8US,577.0,54.2,698.3,KW,698.3
412460003,BZXD22,196.0,32.74,600,HP,450.0
412460003,BZXD24,196.0,32.74,440,KW,440.0
412460004,BZXD25,196.0,32.74,440,KW,440.0
412460005,BZXD26,196.0,32.74,600,HP,450.0
412460006,BZXD27,196.0,32.74,600,HP,450.0
412460007,BZXD28,196.0,32.74,600,HP,450.0
412460008,BZXD29,196.0,32.74,600,HP,450.0
412460009,BZXD32,196.0,32.74,600,HP,450.0
412460022,BZWA29,268.0,39.0,450,KW,450.0
412460043,BZXD6,493.0,56.18,956,KW,956.0
412460053,BZXD23,196.0,32.74,600,HP,450.0
412460066,BZXD77,317.0,42.6,720,HP,540.0
412460073,BZXD33,296.0,38.15,596,HP,447.0
412460074,BZXD34,296.0,38.15,596,KW,596.0
412460075,BZXD35,296.0,38.15,596,KW,596.0
412460083,BZWY48,277.0,36.34,540,KW,540.0
412460084,BZWY47,277.0,36.34,540,KW,540.0
412460111,BZXD36,296.0,38.15,596,KW,596.0
412460112,BZXD37,296.0,38.15,596,KW,596.0
412460113,BZXD38,296.0,38.15,596,KW,596.0
412460114,BZXD92,296.0,38.15,596,KW,596.0
412460115,BZXD93,296.0,38.15,596,KW,596.0
412460116,BZXD94,296.0,38.15,596,KW,596.0
412460117,BZXD95,296.0,38.15,596,KW,596.0
412460118,BZXD96,296.0,38.15,596,KW,596.0
412460278,BZXH22,362.0,44.8,540,KW,540.0
412460279,BZXH23,362.0,44.8,540,kw,540.0
412460281,BZXD52,302.0,43.18,890,KW,890.0
412460282,BZXD53,302.0,43.18,890,KW,890.0
412460283,BZXD65,302.0,43.18,850,KW,850.0
412460283,BZXD54,302.0,43.18,890,KW,890.0
412460283,BZXD65,302.0,43.18,850,KW,850.0
412460284,BZXD55,302.0,43.18,890,KW,890.0
412460285,BZXD56,302.0,43.18,850,KW,850.0
412460285,BZXD56,302.0,43.18,850,KW,850.0
412460286,BZXD62,302.0,43.18,850,KW,850.0
412460286,BZXD62,302.0,43.18,850,KW,850.0
412460286,BZXD62,302.0,43.18,850,KW,850.0
412460286,BZXD62,302.0,43.18,850,KW,850.0
412460287,BZXD63,302.0,43.18,850,KW,850.0
412460287,BZXD63,302.0,43.18,850,KW,850.0
412460289,BZXD66,302.0,43.18,850,KW,850.0
412460289,BZXD66,302.0,43.18,850,KW,850.0
412460295,BZWA32,295.0,39.9,500,KW,500.0
412460296,BZWA33,295.0,39.9,500,KW,500.0
412460297,BZWA34,295.0,39.9,500,KW,500.0
412460299,BZXD5,404.0,40.13,735,KW,735.0
412463406,BZXD69,302.0,43.18,828,KW,828.0
412470430,BZWY46,225.0,34.0,447,KW,447.0
412480433,BZXQ52,122.0,26.98,198,KW,198.0
412480434,BZXQ53,122.0,26.94,198,HP,148.5
412500244,BZWZ35,228.0,33.78,375,KW,375.0
412500244,BZWZ36,228.0,33.78,375,KW,375.0
412500244,BZWZ35,228.0,33.78,375,KW,375.0
412658750,BZXC13,97.0,32.28,220,KW,220.0
412658760,BZXC14,97.0,32.28,220,KW,220.0
412674190,BZUU2,578.0,56.45,1029,HP,771.75
412676430,BZZH,606.0,53.67,956,KW,956.0
412679030,BYLQ6,119.0,26.26,235.4,KW,235.4
412679040,BYLQ7,119.0,26.26,235.4,KW,235.4
412679050,BYLQ8,119.0,26.26,235.4,KW,235.4
412679210,BZUT4,497.0,56.4,1200,HP,900.0
412679230,BZZP,698.0,59.2,1176,KW,1176.0
412679240,BZZP4,698.0,59.2,1176,KW,1176.0
412685210,BZZP8,698.0,59.2,1176,KW,1176.0
412685220,BZZP9,698.0,59.2,1176,KW,1176.0
412687090,BYLQ5,119.0,26.26,235.4,KW,235.4
412687110,BYLQ9,119.0,26.26,235.4,KW,235.4
412687120,BYMQ2,119.0,26.26,235.4,KW,235.4
412687130,BYMQ3,119.0,26.26,235.4,KW,235.4
412687140,BYMQ4,119.0,26.26,235.4,KW,235.4
412687150,BYZB9,98.0,25.5,237,KW,237.0
412687160,BYZB11,98.0,25.5,237,KW,237.0
412687180,BYWB5,115.0,25.5,237,KW,237.0
412689320,BZSJ4,225.0,29.3,400,KW,400.0
412689850,BZZZ,128.0,34.8,407,KW,407.0
412689860,BZZZ2,128.0,34.8,407,KW,407.0
412689870,BZZZ3,128.0,34.8,407,KW,407.0
412689880,BZZZ4,128.0,34.8,407,KW,407.0
412690490,BZSI4,140.0,34.0,220,KW,220.0
412690510,BZSI5,140.0,34.0,220,HP,165.0
412691520,BIWA,164.0,34.2,600,HP,450.0
412691530,BIWB,164.0,34.2,600,HP,450.0
412691540,BIWC,157.0,29.2,407,KW,407.0
412691550,BIWD,157.0,29.2,407,kw,407.0
412694520,BIWE,150.0,29.8,407,KW,407.0
412694550,BZWA21,150.0,29.98,407,KW,407.0
412694560,BZWA22,150.0,29.98,407,KW,407.0
412694570,BZWA23,150.0,29.98,407,KW,407.0
412694580,BZWA25,150.0,29.98,407,KW,407.0
412694590,BZWA26,150.0,29.98,407,KW,407.0
412694610,BZWA28,150.0,29.98,407,KW,407.0
412695170,BZXC5,112.0,28.7,237,KW,237.0
412695180,BZXC6,102.0,24.0,400,KW,400.0
412695430,BZZS3,698.0,59.2,1176,KW,1176.0
412695490,BZZS9,698.0,59.2,1176,KW,1176.0
412695550,BZVY9,634.0,56.5,1000,HP,750.0
412695580,BZVZ4,634.0,56.5,735,KW,735.0
412696980,BZXH5,142.0,31.0,258,KW,258.0
412696990,BZXH6,142.0,31.0,258,KW,258.0
412698180,BZXC8,105.0,27.17,305,KW,305.0
412698190,BZXC9,105.0,27.17,305,KW,305.0
412699440,BZXC15,117.0,29.1,339,KW,339.0
412699450,BZXC16,117.0,29.1,339,KW,339.0
412699460,BZXC17,117.0,29.1,339,KW,339.0
412699470,BZXC18,117.0,29.1,339,KW,339.0
412699510,BZXC22,91.0,24.5,220,KW,220.0
412699520,BZXC23,84.0,24.5,224,KW,224.0
412699530,BZXC24,107.0,26.5,224,KW,224.0
412699540,BZXC25,107.0,26.5,224,KW,224.0
412699550,BZXC26,100.0,26.5,224,KW,224.0
412699560,BZXC27,100.0,26.5,218,KW,218.0
412699570,BZXC28,100.0,26.5,224,KW,224.0
412699950,BZXD2,123.0,26.5,319,KW,319.0
412763490,BZXD72,317.0,42.6,720,KW,720.0
412764850,BZXD76,317.0,42.6,720,KW,720.0
412926000,BZVK,995.0,64.7,2800,HP,2100.0
412946000,BIUA,2340.0,86.33,1911,KW,1911.0
412985000,BZUS5,497.0,56.4,1200,HP,900.0
412993000,BZUZ5,497.0,53.95,735,KW,735.0
413011000,BZZT3,523.0,55.2,882,KW,882.0
413032000,BIYA,995.0,64.7,2800,HP,2100.0
413034000,BZZW4,1087.0,66.23,2205,KW,2205.0
413224000,BIWX,1198.0,70.26,3000,HP,2250.0
413270220,BZZX6,619.0,55.83,1176,KW,1176.0
413270430,BZZX8,613.0,56.17,735,KW,735.0
413278000,BIWT,1769.0,79.77,2686,KW,2686.0
413321680,BBIR8,157.0,31.93,330,KW,330.0
413322680,BBZN2,190.0,36.6,330,KW,330.0
413322690,BBZN3,190.0,36.6,330,KW,330.0
413322760,BBZN4,190.0,36.6,330,KW,330.0
413322770,BBZN5,190.0,36.6,330,HP,247.5
413340000,BZZZ5,191.0,36.6,330,KW,330.0
413342000,BZZZ7,191.0,36.6,330,KW,330.0
413343000,BZZZ8,191.0,36.6,330,KW,330.0
413344000,BZZZ9,191.0,36.6,330,KW,330.0
413345000,BZZY3,191.0,36.6,330,KW,330.0
413462010,BZWY44,432.0,47.2,735,KW,735.0
413501950,BZWZ32,165.0,30.2,600,HP,450.0
416000029,BJ4602,79.07,27.0,450,HP,337.5
416000222,BK7364,40.69,20.3,350,HP,262.5
416000356,BJ4673,76.36,26.15,600,HP,450.0
416000373,BK6600,49.55,22.0,600,HP,450.0
416000445,BK7483,40.72,20.36,450,HP,337.5
416000446,BK7128,40.97,20.1,435,HP,326.25
416000737,BK6979,49.62,21.29,545,HP,408.75
416000776,BK7109,49.07,21.8,545,HP,408.75
416000806,BK7186,48.84,21.7,600,HP,450.0
416000819,BK7405,40.37,20.3,545,HP,408.75
416000947,BK7408,41.37,20.25,545,HP,408.75
416001500,BZMX,995.0,66.4,3000,HP,2250.0
416001774,BJ4370,64.96,17.25,600,HP,450.0
416001800,BZNQ,1091.0,69.26,3000,HP,2250.0
416002109,BK7174,43.75,21.35,543,HP,407.25
416002124,BK7498,41.83,15.7,435,HP,326.25
416002142,BJ4759,68.08,23.6,545,HP,408.75
416002343,BJ4431,55.6,17.1,600,HP,450.0
416002363,BJ4796,75.68,26.1,600,HP,450.0
416002444,BJ4706,98.0,25.5,950,HP,712.5
416002481,BK6856,48.33,21.0,545,HP,408.75
416002514,BK6947,48.36,22.5,545,HP,408.75
416002526,BK7481,40.76,20.35,545,HP,408.75
416002681,BJ4846,99.0,29.88,640,PS,473.6
416002686,BJ4851,87.35,23.23,855,HP,641.25
416002766,BK6602,49.56,22.0,450,HP,337.5
416002888,BJ4411,54.23,22.5,580,HP,435.0
416002933,BK7108,37.57,17.08,600,HP,450.0
416002973,BK6511,49.55,22.0,545,HP,408.75
416002989,BJ4524,52.52,22.1,600,HP,450.0
416003073,BJ4936,99.0,26.02,1000,HP,750.0
416003074,BJ4938,99.0,25.0,1000,HP,750.0
416003089,BJ4917,99.0,25.88,691,KW,691.0
416003089,BJ4917,99.0,25.88,691,KW,691.0
416003113,BK6248,42.57,19.4,620,HP,465.0
416003413,BJ4994,75.41,20.93,910,HP,682.5
416003466,BJ4330,59.34,22.4,545,HP,408.75
416003505,BK4757,39.58,19.23,450,HP,337.5
416003600,BI2473,535.0,53.7,1100,HP,825.0
416003684,BK6500,41.63,21.0,545,HP,408.75
416003700,BI2417,720.0,56.9,1400,HP,1050.0
416003741,BG3671,184.0,30.2,1342,HP,1006.5
416003984,BJ5031,95.98,21.12,1000,HP,750.0
416004000,BKKN,1484.0,70.59,3600,PS,2664.0
416004073,BJ5043,98.86,20.85,691,KW,691.0
416004246,BG3705,188.0,35.7,1032,PS,763.68
416004268,BJ5062,97.66,21.6,691,KW,691.0
416004299,BJ5061,99.7,23.9,940,HP,705.0
416004342,BJ5082,98.3,23.92,939.5,HP,704.625
416004369,BH3401,230.0,35.76,759,KW,759.0
416004375,BJ5091,99.69,21.5,940,HP,705.0
416004453,BJ5098,99.7,23.95,691,HP,518.25
416004728,BL2116,1288.0,70.59,3600,PS,2664.0
416004831,BL2127,1288.0,70.59,3200,HP,2400.0
416010900,BI2265,708.0,54.85,1400,PS,1036.0
416017500,BZKO,996.0,66.23,3000,HP,2250.0
416052600,BI2517,696.0,59.2,1600,PS,1184.0
416064900,BZHY,492.0,45.52,2080,HP,1560.0
416084500,BI2532,623.0,59.2,1600,PS,1184.0
416091900,BI2536,697.0,59.2,1600,HP,1200.0
416097500,BI2540,696.0,57.6,1600,PS,1184.0
416101900,BJ4712,93.18,27.32,760,PS,562.4
416102500,BJ4715,84.89,27.32,450,HP,337.5
416119800,BI2562,704.0,57.6,1600,PS,1184.0
416119900,BI2544,525.0,56.0,1500,PS,1110.0
416122800,BZME,718.0,56.3,1400,HP,1050.0
416123900,BI2560,568.0,55.75,1400,HP,1050.0
416127900,BJ4613,79.69,27.32,450,HP,337.5
416142600,BH3368,363.0,41.0,1000,HP,750.0
416154700,BJ4561,79.0,23.99,1000,HP,750.0
416164600,BI2575,530.0,56.0,1400,PS,1036.0
416168500,BI2581,627.0,59.2,1600,PS,1184.0
416168600,BI2583,627.0,59.2,1600,PS,1184.0
416171700,BI2552,635.0,59.2,1600,HP,1200.0
416173900,BI2573,530.0,56.0,1400,HP,1050.0
416175800,BJ4818,98.0,25.5,694,KW,694.0
416176700,BI2578,562.0,56.1,1400,HP,1050.0
416193900,BJ4737,79.45,23.0,1000,HP,750.0
416199800,BJ4778,99.74,23.4,1000,PS,740.0
416214700,BJ4921,99.0,25.5,1000,ps,740.0
416220800,BH3378,246.0,32.64,1032,HP,774.0
416221800,BJ4912,99.0,25.88,939.5,HP,704.625
416221900,BJ4968,98.0,29.7,829,HP,621.75
416232500,BI2576,643.0,57.6,1600,HP,1200.0
416232900,BJ5027,94.97,21.36,649,HP,486.75
416233500,BJ5029,96.8,21.5,649,HP,486.75
416233600,BL2096,1416.0,71.79,3200,HP,2400.0
416235600,BJ5056,96.58,23.9,691,KW,691.0
416237500,BL2099,1280.0,70.59,3600,PS,2664.0
416237600,BJ5076,97.88,23.95,939.5,HP,704.625
416237700,BJ5084,984.0,23.95,939.5,HP,704.625
416238700,BL2105,1428.0,71.79,3600,PS,2664.0
416238800,BL2106,1428.0,71.79,3600,PS,2664.0
416240900,BL2108,1428.0,71.79,3600,PS,2664.0
416240900,BL2108,1428.0,71.79,3600,PS,2664.0
416242900,BL2107,1467.0,70.59,3600,PS,2664.0
416243600,BL2115,1428.0,71.79,3600,HP,2700.0
416243700,BL2113,1428.0,71.79,3600,PS,2664.0
416247600,P2V5654,995.0,64.7,3000,HP,2250.0
416247900,BL2119,1484.0,70.59,3600,PS,2664.0
416298160,BZXC12,105.0,27.17,198.6,KW,198.6
416342000,BI2524,520.0,56.49,1400,PS,1036.0
416353000,BI2525,628.0,59.2,1400,PS,1036.0
416368000,BI2555,627.0,59.2,1600,PS,1184.0
416411000,BL2095,1179.0,72.37,3200,PS,2368.0
416500000,BEAB,1098.0,65.7,3000,HP,2250.0
416501000,BEDU,1096.0,69.26,3200,HP,2400.0
416503000,BH3249,496.0,45.6,895,KW,895.0
416506000,BL2051,1098.0,65.5,3000,PS,2220.0
416508000,4DFC6,995.0,64.7,2900,HP,2175.0
416549000,4DFC5,1081.0,69.25,3000,HP,2250.0
416574000,BZNC,1091.0,69.26,3000,HP,2250.0
416631000,BH3282,497.0,52.65,1200,PS,888.0
416815000,BI2211,711.0,54.85,1400,HP,1050.0
416836000,BEBF,1052.0,66.23,3000,HP,2250.0
416892000,DUE6131,1206.0,56.83,2237.14,KW,2237.14
416894000,BEEQ,995.02,64.7,3000,HP,2250.0
416898000,BL2039,1098.0,65.7,3000,HP,2250.0
416899000,BEDT,1124.0,70.26,3200,HP,2400.0
431032000,JEZR,434.0,54.74,1960,PS,1450.4
431053000,JCGP,379.0,57.24,1000,PS,740.0
431070000,JPWV,439.0,58.57,735,KW,735.0
431101320,JCMK,409.0,56.08,735,KW,735.0
431128000,7JTE,1788.0,79.61,4000,PS,2960.0
431147000,JJAI,359.0,57.15,1000,PS,740.0
431155000,JENO,1093.0,63.49,1912,KW,1912.0
431159000,JIKD,1093.0,63.51,2794,KW,2794.0
431167000,7JSS,1884.0,79.99,2942,KW,2942.0
431171000,JDYL,499.0,65.46,1471,KW,1471.0
431200880,7LDZ,499.0,62.25,2000,PS,1480.0
431206000,JDXV,396.0,56.17,1960,PS,1450.4
431206000,JDXV,396.0,56.17,1960,PS,1450.4
431251000,JDPC,379.0,56.6,735,KW,735.0
431255000,7JUT,599.0,68.75,1471,KW,1471.0
431301296,,19.0,16.48,190,PS,140.6
431308000,7JJY,1094.0,63.51,1912,KW,1912.0
431310000,JJHJ,1096.0,63.24,1985,KW,1985.0
431331000,JENU,1096.0,65.24,2206,KW,2206.0
431399000,JKRN,1095.0,63.24,1912,KW,1912.0
431472000,D7NA,2604.0,94.0,2800,kw,2800.0
431487000,JDYU,499.0,65.6,1471,KW,1471.0
431500430,JFHT,379.0,56.04,735,KW,735.0
431500460,JETJ,379.0,54.74,1960,PS,1450.4
431500530,JFCV,379.0,55.16,735,KW,735.0
431501186,,19.0,17.58,120,PS,88.8
431501404,7JOM,1093.0,63.51,1949,KW,1949.0
431503000,JRXI,1094.0,63.24,1985,KW,1985.0
431509000,JJCP,499.0,66.36,1470,KW,1470.0
431511000,JJFE,1032.0,61.43,1912,KW,1912.0
431523000,JJOS,463.0,61.68,1800,HP,1350.0
431600275,JM6278,199.0,45.61,588,KW,588.0
431602240,7KLG,199.0,43.31,460,PS,340.4
431617000,JEED,499.0,65.36,2000,PS,1480.0
431670000,JHPT,1094.0,62.96,1912,KW,1912.0
431671000,JITS,1093.0,63.51,1912,KW,1912.0
431679000,JEEX,1094.0,63.51,1912,KW,1912.0
431680000,JILY,498.0,65.07,2000,PS,1480.0
431680360,,19.93,19.0,190,PS,140.6
431680680,,19.0,18.26,190,PS,140.6
431686000,JNBA,1096.0,63.24,2206,KW,2206.0
431693000,JFFX,499.0,65.46,2000,PS,1480.0
431696000,JFRJ,1096.0,63.24,1912,KW,1912.0
431698000,JMZW,385.0,56.27,2600,PS,1924.0
431700030,JQNK,379.0,56.17,735,KW,735.0
431700060,JQPE,379.0,56.17,1000,HP,750.0
431700150,JRTL,499.0,65.46,2000,PS,1480.0
431702990,JLVW,435.0,56.7,1000,PS,740.0
431703710,JKEB,393.0,54.11,1000,PS,740.0
431722000,JEHR,483.0,62.78,1000,HP,750.0
431768000,JDNH,499.0,65.07,1471,KW,1471.0
431769000,JEIK,495.0,62.81,735,KW,735.0
431795000,JDPA,499.0,65.46,1471,KW,1471.0
431796000,JRTG,1172.0,64.21,1912,KW,1912.0
431801000,JDUT,499.0,65.07,1471,KW,1471.0
431812000,JNQX,1092.0,63.51,1985,KW,1985.0
431817000,JRUV,1096.0,63.24,1985,KW,1985.0
431828000,JPWU,499.0,65.46,1471,KW,1471.0
431866000,JFJJ,1092.0,63.51,1912,KW,1912.0
431869000,JEKL,408.0,56.04,1000,PS,740.0
431903000,JHQK,499.0,57.12,2000,PS,1480.0
431914000,JBSW,455.0,61.5,2800,PS,2072.0
431932000,BAWC,1091.0,64.09,2206,KW,2206.0
431935000,JFJX,499.0,65.46,2000,PS,1480.0
432007000,JPYK,319.0,51.56,2200,PS,1628.0
432008000,JRMX,319.0,49.75,2200,PS,1628.0
432057000,JMSU,409.0,55.16,1000,PS,740.0
432114000,JMTH,1096.0,62.88,2206,KW,2206.0
432260000,JRQF,379.0,56.43,1950,PS,1443.0
432270000,JJCT,409.0,56.17,698,KW,698.0
432271000,JHYV,577.0,54.01,698,KW,698.0
432378000,,19.0,23.5,736,KW,736.0
432400000,JNXW,468.0,56.7,735,KW,735.0
432410000,JHRG,1183.0,64.07,2942,KW,2942.0
432411000,JEXV,471.0,56.77,735,KW,735.0
432438000,JDSN,1092.0,64.45,2942,KW,2942.0
432487000,7JAB,1094.0,63.24,2353,KW,2353.0
432507000,1/7/2015,499.0,57.12,2000,PS,1480.0
432549000,7JBH,1338.0,69.37,2794,KW,2794.0
432564000,V6PNF,1829.0,75.97,2647,KW,2647.0
432626000,7JCB,439.0,58.57,1000,PS,740.0
432685000,7JEG,1788.0,79.61,2942,KW,2942.0
432708000,7JES,1350.0,70.34,2942,KW,2942.0
432726000,7JFV,1788.0,79.61,2942,KW,2942.0
432738000,V6PTC,1788.0,79.61,2942,KW,2942.0
432845000,7JKW,1339.0,69.49,2647,KW,2647.0
432942000,7JPQ,436.0,57.43,736,KW,736.0
432948000,7JLZ,1331.0,69.45,2647,KW,2647.0
432962000,7JQB,439.0,57.1,736,KW,736.0
432966000,7JPV,1470.0,70.15,2647,KW,2647.0
432971000,7JQX,479.0,57.43,736,KW,736.0
432984000,7JRE,479.0,57.41,736,KW,736.0
440045000,6MBV,380.0,53.3,1000,HP,750.0
440055000,6MNZ,389.0,53.52,1200,HP,900.0
440057000,D7MH,5286.0,115.0,6800,HP,5100.0
440102000,DSRO9,4212.0,115.8,4050,HP,3037.5
440104000,6KCA2,1016.0,79.56,4870,HP,3652.5
440116000,D7MG,3437.0,96.78,4050,HP,3037.5
440195000,6KCD2,1012.0,79.6,4941,HP,3705.75
440196000,D7MQ,1894.0,85.07,1471,HP,1103.25
440214000,D7MY,5893.0,136.83,6350,PS,4699.0
440214000,D7NH,4273.0,119.15,6080,PS,4499.2
440217000,D7MZ,4643.0,120.12,5600,PS,4144.0
440233000,DTBQ7,733.0,76.64,3600,HP,2700.0
440239000,6NET,385.0,53.3,1000,HP,750.0
440246000,DTFB,411.0,56.07,1200,HP,900.0
440257000,D7NU,4988.0,124.7,5150,KW,5150.0
440265000,D7OC,5160.0,110.0,3883,HP,2912.25
440283000,D8DK,2713.0,91.29,2405,KW,2405.0
440402000,DSEM6,4702.0,104.03,4070,PS,3011.8
440444000,6NHD,606.0,68.28,3600,HP,2700.0
440479000,6NHK,745.0,75.59,3600,HP,2700.0
440492000,6MET,1349.2,78.33,4000,HP,3000.0
440503000,6MWP,424.0,55.2,1200,HP,900.0
440504000,HLWA,384.0,53.3,1000,HP,750.0
440517000,DTAU4,427.0,55.14,1200,HP,900.0
440522000,DTAU5,427.0,55.2,1200,HP,900.0
440523000,DSOC6,5122.0,118.92,7000,HP,5250.0
440542000,6MSQ,1349.2,78.33,4000,HP,3000.0
440549000,DTAV3,427.0,55.2,1200,HP,900.0
440552000,HLBT,536.0,67.5,3600,HP,2700.0
440574000,6NIM,408.0,56.07,1200,HP,900.0
440575000,HLLF,733.0,75.1,3600,HP,2700.0
440584000,DTFU,410.0,56.07,1200,HP,900.0
440590000,HLJB,385.0,53.3,1000,HP,750.0
440595000,DTAU9,427.0,55.16,1200,HP,900.0
440604000,6LGQ,401.0,53.5,1200,HP,900.0
440612000,6NJJ,401.0,53.5,1200,HP,900.0
440617000,DTAV2,427.0,55.09,1200,HP,900.0
440620000,6NMC,408.0,56.07,1200,HP,900.0
440623000,DTFV,410.0,56.07,1200,HP,900.0
440624000,HLWQ,408.0,56.07,1200,HP,900.0
440628000,6MWO,424.0,55.2,1200,HP,900.0
440636000,HLJF,414.0,56.07,1200,PS,888.0
440644000,6MOW,1201.65,68.17,3600,HP,2700.0
440646000,HLLS,383.0,53.3,1200,HP,900.0
440647000,HLLR,383.0,47.21,1200,HP,900.0
440648000,6NKJ,408.0,56.07,1200,HP,900.0
440654000,HLHJ,384.0,53.3,1000,HP,750.0
440656000,HLVJ,384.0,53.3,1000,HP,750.0
440663000,DSOY9,4815.0,106.5,4200,PS,3108.0
440664000,DSOZ2,3302.0,99.98,4000,PS,2960.0
440671000,6LCU,701.0,76.06,3600,PS,2664.0
440703000,DTAH8,416.0,56.07,1200,HP,900.0
440704000,DTAD8,416.0,56.07,1200,HP,900.0
440705000,DTFS,414.0,56.07,1200,HP,900.0
440731000,DTDZ,380.0,53.3,1000,HP,750.0
440733000,HLVW,384.0,53.3,1000,HP,750.0
440765000,HLBR,380.0,56.07,1200,HP,900.0
440770000,6LZM,414.0,56.38,1200,HP,900.0
440772000,6LWJ,410.0,56.07,1200,HP,900.0
440773000,6NJH,423.0,56.07,1200,HP,900.0
440777000,HLWP,408.0,49.91,1200,HP,900.0
440780000,6NLA,424.0,49.61,1200,HP,900.0
440781000,DSDR7,424.0,56.07,1200,PS,888.0
440787000,6NKL,423.0,56.07,1200,HP,900.0
440788000,DTDV,397.0,56.07,1200,HP,900.0
440792000,HLWH,414.0,56.07,1200,HP,900.0
440801000,HLLW,378.0,53.3,1200,HP,900.0
440807000,DTAF2,416.0,56.07,1200,HP,900.0
440820000,HLWD,384.0,53.3,1000,HP,750.0
440821000,HLJC,385.0,53.3,1000,HP,750.0
440822000,6NHC,745.0,75.59,3600,HP,2700.0
440823000,6MOU,1349.2,78.33,4000,HP,3000.0
440846000,HLBX,384.0,53.3,1000,HP,750.0
440858000,DTDU,397.0,56.07,1200,HP,900.0
440885000,DTAB8,446.0,56.07,1200,HP,900.0
440886000,DTAC8,421.0,56.07,1200,HP,900.0
440894000,DTAN8,425.0,56.07,1200,PS,888.0
440895000,DTAM4,420.0,56.07,1200,HP,900.0
440900000,6KWS,417.0,56.07,1200,PS,888.0
440919000,DTFC,411.0,56.07,1200,HP,900.0
440920000,DTAD4,383.0,56.3,1200,HP,900.0
440926000,6LJK,393.0,54.0,1200,HP,900.0
440931000,6NSK,416.0,56.07,1200,HP,900.0
440933000,DTFR,414.0,56.07,1200,HP,900.0
440934000,DTAC3,416.0,56.07,1200,HP,900.0
440935000,DTAC6,416.0,56.07,1200,HP,900.0
440936000,DTAG3,416.0,56.07,1200,HP,900.0
440941000,DTDY,380.0,53.3,1000,HP,750.0
440944000,6NGW,353.0,54.8,1200,HP,900.0
440946000,6LJR,416.0,56.07,1200,HP,900.0
440952000,6LCI,417.0,56.07,1200,PS,888.0
440954000,DSAQ4,424.0,56.07,1200,PS,888.0
440963000,6NKO,423.0,56.07,1200,HP,900.0
440968000,T3LN2,1475.0,68.1,3600,HP,2700.0
440986000,6MBQ,380.0,53.3,1000,HP,750.0
440987000,DTDX,380.0,53.3,1000,HP,750.0
440992000,DTAC5,408.0,56.07,1200,HP,900.0
441018000,DTAC9,383.0,53.3,1200,HP,900.0
441024000,DTBQ5,2023.0,74.51,5000,HP,3750.0
441032000,DSOP5,978.0,86.33,5600,PS,4144.0
441043000,6LIW,417.0,56.07,1200,HP,900.0
441066000,DTBE8,780.0,78.96,4000,HP,3000.0
441072000,6LHG,416.0,56.07,1200,HP,900.0
441084000,DTAE9,383.0,53.3,1200,HP,900.0
441098000,6MNI,411.0,56.07,1200,HP,900.0
441240000,DSOR5,1488.0,84.36,2000,PS,1480.0
441374000,DTBN9,419.0,56.7,1000,HP,750.0
441377000,DSNK2,3919.0,103.6,4900,PS,3626.0
441446000,DTBU5,2023.0,74.51,5000,HP,3750.0
441493000,DTBU8,2023.0,74.51,5000,HP,3750.0
441557000,DSQF6,5667.0,114.4,3995,KW,3995.0
441584000,DTBW2,394.0,56.17,1000,HP,750.0
441600216,BK6465,35.27,20.28,400,HP,300.0
441610190,BJ5017,95.29,20.89,520,KW,520.0
441630000,DSQM8,3293.0,104.54,2942,kw,2942.0
441650000,DTBX2,398.0,55.16,1000,HP,750.0
441660000,DTBX3,393.0,55.16,1000,HP,750.0
441675000,DTBX6,1061.0,70.59,3600,PS,2664.0
441680000,DTBX7,414.0,56.08,1000,HP,750.0
441720000,DSQW2,2623.0,93.39,2000,PS,1480.0
441725000,DSMN2,4071.0,110.03,6500,HP,4875.0
441759000,DSQY9,4428.0,109.0,6500,PS,4810.0
441811000,6KCA6,483.0,59.25,1600,HP,1200.0
441812000,6KCA7,488.0,59.25,1600,PS,1184.0
441822000,DSRG3,4457.0,120.75,4200,PS,3108.0
441822000,DSRG3,4457.0,120.75,4200,PS,3108.0
441853000,6KCA3,1014.0,79.56,4502,HP,3376.5
441869000,6KCB7,173.0,36.6,1000,HP,750.0
441922000,DSRN4,5036.0,118.0,2414,HP,1810.5
441923000,DSRN5,2004.0,99.02,5400,HP,4050.0
442460001,BZXD4,576.0,53.3,882,KW,882.0
443200080,JBAS,469.0,58.02,1000,PS,740.0
444000950,6KCD5,1012.0,79.6,4941,HP,3705.75
510012000,V6P218,113.0,25.5,500,HP,375.0
510013000,V6P219,113.0,25.5,500,KW,500.0
510014000,V6P220,113.0,25.5,500,HP,375.0
510034000,V6P006,139.0,26.82,234,HP,175.5
510035000,V6P007,139.0,26.82,234,HP,175.5
510038000,V6P1833,136.0,22.44,660,HP,495.0
510054000,V6PTP,1788.0,79.35,2794,KW,2794.0
510056000,V6P87,1641.82,68.83,3600,HP,2700.0
510060000,V6PTW,1096.0,65.02,2206,KW,2206.0
510062000,V6P90,1569.0,62.4,3654,HP,2740.5
510065000,V6P91,1678.0,77.16,3600,HP,2700.0
518000004,E5WY,275.0,36.0,1800,HP,1350.0
518071000,E5U2018,119.0,25.89,458,PS,338.92
518072000,E5U2019,122.0,32.0,600,HP,450.0
518100013,E5U2958,1998.0,89.18,2059,KW,2059.0
518100014,E5U2959,3878.0,103.4,4118,KW,4118.0
518259000,E5U2209,114.0,22.1,470,PS,347.8
518260000,E5U2210,128.0,28.5,512,PS,378.88
518402000,E5U2352,138.0,33.3,1200,HP,900.0
518676000,E5U2623,70.0,22.0,367,KW,367.0
518676000,E5U2623,70.0,22.0,367,KW,367.0
518770000,E5U2717,705.0,56.5,894,KW,894.0
520021000,3DQH,59.54,26.2,320,HP,240.0
520022000,3DVD,59.6,33.25,373,KW,373.0
520023000,3DVL,84.0,34.03,334,KW,334.0
520028000,3DWN,158.0,26.44,447,kw,447.0
520076000,3DYB,136.0,34.0,220,KW,220.0
520088000,3DWW,113.0,33.3,460,KW,460.0
520112000,3DVS,102.0,25.93,375,KW,375.0
520114000,3DYK,181.0,32.7,441,KW,441.0
520151000,3DNZ,198.0,40.0,330,KW,330.0
520170100,3DSP,169.0,36.3,932.5,KW,932.5
520171000,3DWF,193.0,36.6,382,HP,286.5
520172000,3DWG,198.0,39.6,450,KW,450.0
520173000,3DWH,198.0,39.6,450,KW,450.0
520174000,3DWI,193.0,36.6,382,KW,382.0
520176000,3DUC,198.0,39.6,382,KW,382.0
520179000,3DUK,193.0,36.6,382,KW,382.0
520195000,3DWQ,79.0,32.16,351,KW,351.0
520197000,3DNA,110.0,35.2,312.9,KW,312.9
520222000,3DNS,264.0,39.6,480,KW,480.0
520225000,3DTD,98.0,29.7,800,HP,600.0
520231000,3DQC,199.0,42.6,396,KW,396.0
520232000,3DQE,199.0,42.6,396,KW,396.0
520234000,3DQI,199.0,42.6,396,KW,396.0
520245000,3DWS,120.0,23.95,279,KW,279.0
520276000,3DNF,65.9,20.7,447.6,KW,447.6
529004000,T3AG,1015.0,56.75,2200,PS,1628.0
529052000,T3KB,3493.0,99.59,3678,KW,3678.0
529087000,3EYA7,3363.0,99.02,5400,HP,4050.0
529096000,3ECZ6,6049.0,137.0,8000,PS,5920.0
529101000,T3MD,3415.0,99.99,4500,PS,3330.0
529120000,T3MY,2910.0,104.3,3357,KW,3357.0
529268000,T3UC,4056.0,112.9,4560,KW,4560.0
529354000,T3XR,4238.0,107.96,3501,KW,3501.0
529382000,D5KA9,4574.0,120.2,4120,KW,4120.0
529435000,T3AA2,1106.04,68.1,3600,PS,2664.0
529440000,T3AF2,1526.0,68.1,3600,HP,2700.0
529469000,T3BL2,1803.0,79.91,3600,HP,2700.0
529485000,H9NZ,4491.0,120.75,2993,HP,2244.75
529562000,E5U2960,5360.0,112.0,4200,KW,4200.0
529567000,T3FN2,4287.0,116.2,6080,PS,4499.2
529604000,3FRQ5,2047.0,85.32,3000,HP,2250.0
529605000,T3HC2,2839.0,97.4,2292,HP,1719.0
529632000,T3JF2,3338.0,105.0,3353,KW,3353.0
529676000,T3LB2,1207.71,68.09,3600,HP,2700.0
529686000,T3LM2,1350.0,67.48,3600,HP,2700.0
529686000,T3LM2,1350.0,67.48,3600,HP,2700.0
529695000,T3LW2,1201.65,68.1,3600,PS,2664.0
529729000,T3NG2,1565.0,68.1,3600,HP,2700.0
529766000,T3PV2,3183.0,96.98,2427,KW,2427.0
529767000,T3PW2,5847.0,119.4,3400,KW,3400.0
529768000,T3PX2,4974.0,110.0,2942,KW,2942.0
529770000,T3PZ2,4629.0,102.39,1700,PS,1258.0
529777000,T3QG2,5537.0,109.7,2460,KW,2460.0
529783000,T3QN2,2338.0,79.9,3309,KW,3309.0
529794000,T3QZ2,6332.0,117.27,3603,kw,3603.0
529839000,T3SW2,5944.0,123.0,4471,KW,4471.0
538002582,V7JX2,5770.0,111.06,4200,KW,4200.0
538002899,D7PK,4490.0,120.75,4070,PS,3011.8
538002899,D7PK,4490.0,120.75,4070,PS,3011.8
538002960,V7NH7,2782.0,95.95,3600,HP,2700.0
538002995,3EYB6,3475.0,100.8,4900,HP,3675.0
538002996,3FSS6,4261.0,115.9,4050,PS,2997.0
538004146,V7UW6,3978.0,105.5,3000,HP,2250.0
538004149,V7VL4,3978.0,105.5,3000,KW,3000.0
538004917,V7ZU5,5738.0,114.02,3883,KW,3883.0
538004917,V7ZU5,5738.0,114.02,3883,KW,3883.0
538060004,V7CN4,1096.0,60.71,3200,HP,2400.0
538060005,V7CN5,1099.0,71.23,3200,HP,2400.0
538060006,V7EF3,1152.0,61.85,3200,HP,2400.0
538060007,V7HB9,1152.0,72.37,3000,HP,2250.0
538060008,V7HC2,1152.0,72.37,3000,HP,2250.0
538060011,V6P721,129.0,26.0,336,KW,336.0
538060012,V6P722,129.0,26.0,336,KW,336.0
538060013,V6P723,129.0,29.29,336,KW,336.0
538060014,V6P725,129.0,29.29,336,KW,336.0
538060015,V7RB4,2109.0,79.8,3645,KW,3645.0
538060016,V7TQ8,1344.0,71.79,2353,KW,2353.0
538060017,V7TX3,1517.0,70.59,3200,PS,2368.0
538060018,V7TX4,1517.0,70.59,3200,PS,2368.0
538060019,V7UB4,1344.0,71.79,2353,KW,2353.0
548005100,DUA2505,1246.0,65.85,1342,KW,1342.0
548006100,DUL6785,1382.0,70.12,2684,KW,2684.0
548006100,DUL6785,1382.0,70.12,2684,KW,2684.0
548050500,DUG9197,698.0,85.07,1492,KW,1492.0
548051500,4DFB8,1100.0,71.79,2647,KW,2647.0
548198100,DUM6144,1047.71,61.51,2600,HP,1950.0
548204300,DUG9082,349.53,61.55,1864.28,KW,1864.28
548225100,DUL6827,498.67,56.25,1939,KW,1939.0
548225100,DUL6827,498.67,56.25,1939,KW,1939.0
548246100,DUTR6,914.0,58.57,1000,PS,740.0
548247100,DUL6633,131.86,37.0,550,HP,412.5
548280100,DUTN9,844.0,51.0,1938.85,KW,1938.85
548335100,4DEE3,2462.0,87.25,2089,KW,2089.0
548347100,4DEF6,632.0,57.19,1879,KW,1879.0
548348100,4DEF7,632.0,57.19,1879,KW,1879.0
548363100,DUL6023,1542.56,78.0,1938.85,KW,1938.85
548401400,DUM3101,449.0,53.52,1000,HP,750.0
548487100,4DET8,1100.0,71.79,2647,KW,2647.0
548591000,DUL6521,1013.0,62.25,1640,KW,1640.0
548592000,DUL6710,822.11,56.0,1864.28,KW,1864.28
548592000,DUL6710,822.11,56.0,1864.28,KW,1864.28
548595000,DUL6372,695.87,69.4,1342,KW,1342.0
548600000,DUL7420,1427.0,73.55,1491,KW,1491.0
548601000,DUL6502,2633.0,90.85,2162,KW,2162.0
548603400,DUM3170,995.03,64.7,2237.14,KW,2237.14
548603400,DUM3170,995.03,64.7,2237.14,KW,2237.14
548760000,DUL6968,768.93,61.56,1641,KW,1641.0
548792000,DYUW,499.0,55.17,2144,KW,2144.0
548793000,DYUV,499.01,73.72,1641,KW,1641.0
548831000,DUCK,1100.0,71.79,2352,KW,2352.0
548895000,DUFO,1100.0,71.79,3600,HP,2700.0
548905000,DUGM,1100.0,71.79,2648.02,KW,2648.02
548905000,DUGM,1100.0,71.79,2648.02,KW,2648.02
548906000,DUGQ,6964.0,133.95,5100.67,KW,5100.67
548906000,DUGQ,6964.0,133.95,5100.67,KW,5100.67
553111242,P2V5045,349.0,54.95,2600,HP,1950.0
553111327,P2V5125,897.26,55.5,3600,HP,2700.0
553111463,P2V5278,1145.1,53.03,2875,HP,2156.25
553111690,P2V5559,1893.0,79.5,4500,HP,3375.0
553111698,P2V5566,1349.0,71.79,2647,KW,2647.0
553111712,P2V5580,1557.0,70.59,2647,KW,2647.0
553111712,P2V5580,1557.0,70.59,2647,KW,2647.0
553111733,P2V5601,1408.0,70.8,3585,HP,2688.75
553111734,P2V5602,1408.0,70.8,3585,HP,2688.75
553111735,P2V5603,1350.0,71.79,3600,PS,2664.0
553111736,P2V5605,1562.0,70.59,2617,KW,2617.0
553111738,P2V5606,1350.0,71.79,3600,PS,2664.0
553111740,P2V5608,1280.0,70.59,3200,PS,2368.0
553111743,P2V5610,2338.0,79.9,3309,KW,3309.0
553111744,P2V5611,2338.0,79.9,3309,KW,3309.0
553111749,P2V5615,1099.0,71.23,3200,PS,2368.0
553111749,P2V5615,1099.0,71.23,3200,PS,2368.0
553111750,P2V5616,1099.0,71.23,3200,PS,2368.0
553111750,P2V5616,1099.0,71.23,3200,PS,2368.0
553111751,P2V5617,1060.0,69.45,3000,PS,2220.0
553111754,P2V5619,2175.0,84.66,4500,PS,3330.0
553111755,P2V5620,1280.0,70.59,3200,PS,2368.0
553111756,P2V5621,2386.0,89.21,4500,PS,3330.0
553111759,P2V5624,1350.0,71.79,3600,PS,2664.0
553111761,P2V5627,1562.0,70.59,2647,KW,2647.0
553111764,P2V5629,1408.0,70.8,2648,KW,2648.0
553111765,P2V5630,1408.0,70.8,2648,kw,2648.0
553111771,P2V5636,1350.0,71.79,2646,KW,2646.0
557000400,H4NK,718.0,46.0,1280,HP,960.0
557000500,H4NF,718.0,46.0,1280,HP,960.0
557005500,H4SR,1408.0,70.8,2647,KW,2647.0
563111635,P2V5459,499.0,72.0,1491,KW,1491.0
567046600,HSBX,2966.0,101.26,3000,HP,2250.0
567266000,HSB3066,2989.0,101.93,3000,HP,2250.0
570250000,3DXP,375.0,39.28,850,PS,629.0
572641210,T2MZ4,1734.0,75.55,1640,KW,1640.0
572641210,T2MZ4,1734.0,75.55,1640,KW,1640.0
576093000,YJZZ4,86.0,23.8,550,HP,412.5
576122000,YJZZ5,86.0,23.8,550,HP,412.5
576237000,YJVZ9,86.0,23.8,550,HP,412.5
576270000,3EYH9,4521.0,120.75,4070,HP,3052.5
576276000,YJQA4,3822.0,99.5,2942,KW,2942.0
576277000,YJQA5,2781.0,95.92,3600,PS,2664.0
576285000,YJQD7,3519.0,105.37,2942,KW,2942.0
576383000,YJQD8,91.74,23.8,450,PS,333.0
576394000,YJQE2,91.74,23.9,450,PS,333.0
576394000,YJQE2,91.74,23.9,450,PS,333.0
576420000,YJQE9,2717.0,91.48,1471,KW,1471.0
576507000,D7NG,3747.0,100.98,4400,HP,3300.0
576574000,YJRJ6,2234.0,84.32,4500,HP,3375.0
576575000,YJRJ7,2031.0,72.94,4500,PS,3330.0
576660000,YJVX2,93.18,23.32,760,PS,562.4
576664000,YJQB3,93.18,23.8,1000,HP,750.0
576689000,YJQK7,8483.0,141.0,10550,HP,7912.5
576694000,YJSB6,93.18,23.8,450,PS,333.0
576695000,YJSB7,93.18,23.8,450,PS,333.0
576696000,YJSB8,93.18,23.8,450,PS,333.0
576699000,YJQB8,582.0,55.1,1400,HP,1050.0
576711000,YJQN2,8519.0,141.58,9690,HP,7267.5
576728000,YJQP3,3431.0,94.32,4072,PS,3013.28
576732000,YJQP4,3936.0,100.98,2942,kw,2942.0
576737000,YJSG7,637.5,58.7,1400,HP,1050.0
576753000,YJSJ7,93.18,23.8,760,PS,562.4
576754000,YJSJ8,93.18,23.8,760,PS,562.4
576762000,4DFB9,1280.0,70.59,2386.28,KW,2386.28
576811000,YJSR6,558.0,170.08,1200,HP,900.0
576847000,YJSV9,498.0,54.4,1300,PS,962.0
576850000,YJSW4,498.0,55.75,2800,HP,2100.0
576881000,YJTA2,531.62,46.3,1000,HP,750.0
576890000,YJUB3,558.0,46.77,1200,HP,900.0
576905000,YJUD2,2386.0,89.21,4500,PS,3330.0
576956000,YJQC3,729.0,57.2,1200,PS,888.0
576959000,YJQE7,705.0,54.85,1200,PS,888.0
576987000,YJUN9,93.18,23.8,760,PS,562.4
577069000,YJRW5,98.0,23.9,832,KW,832.0
577077000,YJRZ2,3858.0,98.28,2950,HP,2212.5
577082000,YJRZ7,4394.0,107.88,4413,HP,3309.75
577105000,YJTA9,4493.0,120.75,2993,KW,2993.0
577145000,YJTG2,617.0,53.61,1000,HP,750.0
577146000,YJTG3,660.0,56.08,1000,HP,750.0
577161000,YJTH9,3350.0,96.94,2700,KW,2700.0
577205000,YJTP3,85.2,26.5,350,HP,262.5
577206000,YJTP4,85.2,23.8,350,KW,350.0
577214000,YJTQ4,99.59,23.8,600,PS,444.0
577215000,YJTQ5,99.26,23.8,600,PS,444.0
577216000,YJTQ6,99.2,23.8,600,PS,444.0
577217000,YJTQ7,99.22,23.8,600,PS,444.0
577218000,YJTQ8,99.66,23.8,600,PS,444.0
577219000,YJTQ9,80.88,23.9,450,HP,337.5
577220000,YJTR2,99.66,23.8,600,KW,600.0
577221000,YJTR3,96.0,28.0,800,HP,600.0
577222000,YJTR4,96.0,23.8,800,HP,600.0
577223000,YJTR5,96.0,23.8,880,HP,660.0
577224000,YJTR6,96.0,23.08,800,HP,600.0
577225000,YJTR7,96.0,23.8,800,HP,600.0
577226000,YJTR8,96.0,23.8,800,HP,600.0
577248000,YJTU3,42.0,18.75,551,KW,551.0
577257000,YJTV3,485.0,48.97,1000,PS,740.0
577259000,YJTV5,485.0,48.97,1000,PS,740.0
577265000,YJTW3,48.0,21.5,500,HP,375.0
577289000,YJTZ2,547.0,50.15,1200,PS,888.0
577290000,YJTZ3,598.0,55.45,1600,PS,1184.0
577309000,YJUJ4,490.0,57.59,1000,PS,740.0
577314000,YJUM3,4574.0,120.2,4120,KW,4120.0
577315000,YJUM8,4963.0,124.7,6350,PS,4699.0
577324000,YJUT4,4430.0,120.7,4121,KW,4121.0
636016916,D5IJ6,5617.0,119.55,7200,HP,5400.0
636016998,D5IV3,5617.0,119.55,7200,HP,5400.0
735057564,HC2995,2384.0,86.79,3600,HP,2700.0
735058003,HC4697,4401.0,115.58,5850,KW,5850.0
735059088,HC4649,2165.0,77.3,3238,KW,3238.0
735059089,HC4650,2165.0,77.3,3238,KW,3238.0
735565000,HC4154,2193.0,78.0,4690,HP,3517.5
765104179,D7B0,5286.0,106.38,6800,HP,5100.0
