fishing_fraction,mmsi,Vessel Identity,Notes,nn_times_classified_all,nn_number_max_labels_all,nn_average_length_all,nn_max_label_all,nn_max_score_all,nn_max_label_fishing_all,nn_max_fishing_score_all,nn_max_sublabel_all,nn_max_sub_score_all,nn_max_sublabel_fishing_all,nn_max_sub_fishing_score_all,positions,active_positions,active_hours,fishing_points,num_A,num_B,iso3,country_name,average_length,avg_num_distinct_lengths,avg_width,number_valid_length_messages,gap_hours,num_gaps,training_label,training_sublabel,training_length,training_listsources,spoofing_hours,num_overlapping_segs
0.09784206503204562,577132000,Reefer,,6,1,117.30831146240234,Reefer,0.9993058939774832,Purse_seines,2.48874557666016E-7,Reefer,0.9993449747562408,Purse_seines,3.038535183463864E-7,63162,51021,11600.403194444505,4992,38648,0,VUT,Vanuatu,134.0,1.0,20.0,14158,80.00555555555556,3,Reefer,,134.157142857,reefer_fishing,7090.531666666667,9
0.06706432371433177,760000370,Trawlers,,1,1,78.16329956054688,Reefer,0.9982648491859436,Trawlers,0.0010275145759806037,Reefer,0.998902440071106,Trawlers,2.669795067049563E-4,10093,6203,4591.509444444447,416,7919,0,PER,Peru,38.0,1.0,8.0,644,2117.9341666666664,7,,,,,3.450277777777778,1
0.003217848332081948,341064000,Trawlers,,1,1,127.22242736816406,Reefer,0.9966496825218201,Trawlers,7.68481925206288E-7,Reefer,0.9967768788337708,Trawlers,6.148159172880696E-7,19285,18646,385149.7790277778,60,18624,0,KNA,Saint Kitts and Nevis,104.99687575102139,2.0,16.004446046623407,9317,,,,,,,856549.4299999996,3917
0.03747072599531616,412321992,no_idea_what_it_is,,1,1,60.12992477416992,Reefer,0.9950152039527893,Trawlers,5.561070283874869E-4,Reefer,0.9949359893798828,Trawlers,3.5216769902035594E-4,956,854,818.2709722222223,32,564,0,CHN,China,30.0,1.0,8.663712011903769,614,17138.108611111107,16,,,,,,
0.007878105791706346,229705000,Reefer,,4,1,103.54364013671875,Reefer,0.993632972240448,Trawlers,6.35725214443994E-5,Reefer,0.99460369348526,Trawlers,3.8762896778621325E-5,14824,11551,5928.761249999982,91,1986,0,MLT,Malta,118.0,1.0,17.003187943776265,6901,386.2452777777778,8,Reefer,,117.27,reefer_fishing,3622.9958333333334,10
0.08945032434277911,577105000,Reefer,,8,1,115.8185806274414,Reefer,0.9931806027889252,Purse_seines,7.604522595341164E-8,Reefer,0.9932156875729561,Purse_seines,2.1631372145076728E-7,122405,87870,16436.31347222219,7860,88407,0,VUT,Vanuatu,120.00149725503243,1.25,16.00027033771419,38061,1401.7677777777776,28,Reefer,,120.75,reefer_fishing,501.5711111111111,1
0.0656,150203453,no_idea_what_it_is,,1,1,69.25556945800781,Reefer,0.9930692911148071,Trawlers,7.123482646420598E-5,Reefer,0.991787850856781,Trawlers,2.9976956284372136E-5,910,625,627.3476388888889,41,124,0,,Invalid MMSI,,,,,8313.280833333332,7,,,,,,
0.09223674096848578,341379000,Trawlers,,1,1,76.61299133300781,Reefer,0.9908463358879089,Trawlers,5.912510096095502E-4,Reefer,0.9934775829315186,Trawlers,3.847407060675323E-4,2228,1301,1352.1012500000002,120,193,0,KNA,Saint Kitts and Nevis,35.0,1.0,8.0,390,486.87222222222226,6,,,,,0.24333333333333335,2
0.09465663419229439,576277000,Reefer,,9,1,97.72801038953993,Reefer,0.9904974301656088,Purse_seines,1.9681086816171324E-5,Reefer,0.9906102021535238,Purse_seines,1.95530805950423E-5,104611,83861,19452.617638888805,7938,92360,0,VUT,Vanuatu,95.99789268092105,1.25,13.999743009868421,27439,1554.2258333333334,25,Reefer,,95.92,reefer_fishing,,
0.09318025032029172,577169000,Reefer,,4,1,107.00307846069336,Reefer,0.9841359853744507,Purse_seines,7.563657684919178E-4,Reefer,0.9861628711223602,Purse_seines,7.598955804937191E-4,35246,20294,6339.183888888887,1891,20344,0,VUT,Vanuatu,124.0,1.0,18.0,12569,365.04638888888894,7,Reefer,,121.73333333299999,reefer_fishing,,
0.01692782797666705,577324000,Reefer,,3,1,111.37332661946614,Reefer,0.9793691635131836,Trawlers,2.7925497410781947E-7,Reefer,0.9798516035079956,Trawlers,7.075484731444703E-7,12611,8743,4430.846388888879,148,7776,0,VUT,Vanuatu,121.0,1.0,17.0,2334,243.2211111111111,5,Reefer,,120.7,reefer_fishing,,
0.016974789915966387,650766201,Cargo,,1,1,71.54995727539062,Reefer,0.9787179231643677,Purse_seines,7.915568421594799E-4,Reefer,0.9795541763305664,Purse_seines,6.114394636824727E-4,8270,5950,5925.830694444447,101,3651,0,MOZ,Mozambique,60.0,1.0,13.0,180,9553.482500000002,33,Purse seines,,,kristina_fishing,,
0.05495689655172414,412443601,no_idea_what_it_is,listed as fishing,1,1,79.98080444335938,Reefer,0.9776460528373718,Trawlers,1.1602438462432474E-4,Reefer,0.9759441614151001,Trawlers,5.8500238083070144E-5,2176,1856,860.2949999999997,102,0,0,CHN,China,61.0,1.0,9.0,1931,86.67333333333333,3,,,,,,
0.08916883526535763,576397000,Reefer,,8,1,82.9577407836914,Reefer,0.9742438197135925,Trawlers,0.003077540498907183,Reefer,0.9753459990024567,Trawlers,0.0026590554335896854,65524,50724,16848.122222222235,4523,51149,0,VUT,Vanuatu,94.0,1.0,14.0,25823,1630.9619444444447,22,Reefer,,94.98,reefer_fishing,617.8897222222222,1
0.0,677018800,Reefer,,6,1,69.72948964436848,Reefer,0.9705608288447062,Trawlers,0.0018961910379099816,Reefer,0.9700495600700378,Trawlers,0.0012830395856629668,3449,112,56.94472222222221,0,0,0,TZA,Tanzania,48.0,1.0,8.0,11623,,,,,,,,
0.0,600012237,no_idea_what_it_is,,1,1,65.63121032714844,Reefer,0.970356285572052,Trawlers,2.406118146609515E-4,Reefer,0.9679298996925354,Trawlers,1.4751187700312585E-4,1489,560,281.0279166666667,0,868,0,,Invalid MMSI,94.0,1.0,35.0,19,87.98,1,,,,,,
0.011601596247994405,576270000,Reefer,,8,1,108.9305534362793,Reefer,0.9698927402496338,Purse_seines,1.0511529321965973E-6,Reefer,0.9695808812975883,Purse_seines,3.879417725061174E-6,29622,24307,17347.03013888892,282,22857,0,VUT,Vanuatu,117.93961648306815,1.3333333333333333,14.681354549163606,4669,2099.8219444444444,28,Reefer,,113.37,reefer_fishing,10930.779166666667,8
0.08340807174887892,150201039,no_idea_what_it_is,listed as fishing,1,1,71.02816772460938,Reefer,0.9642763137817383,Trawlers,4.8801704542711377E-4,Reefer,0.9600353240966797,Trawlers,2.8654004563577473E-4,1225,1115,2038.8065277777778,93,600,0,,Invalid MMSI,,,,,9585.552222222223,27,,,,,,
0.014457174031642117,412331152,no_idea_what_it_is,listed as fishing,1,1,83.65458679199219,Reefer,0.9635826945304871,Trawlers,3.4721242263913155E-4,Reefer,0.9563959240913391,Trawlers,4.0386294131167233E-4,4164,3666,1110.011249999998,53,0,0,CHN,China,45.0,1.0,8.0,1859,,,,,,,,
0.053213545266067724,664576000,Trawlers,,1,1,109.17893981933594,Reefer,0.9626351594924927,Purse_seines,3.193080374330748E-6,Reefer,0.9639419913291931,Purse_seines,1.687811891315505E-5,3090,1447,640.6413888888881,77,998,0,SYC,Seychelles,100.0,1.0,16.0,776,4348.457222222222,4,,,,,,
0.033231474407944994,667001591,Trawlers,,1,1,108.87446594238281,Reefer,0.9585772156715393,Trawlers,1.3885990028938977E-6,Reefer,0.9594854116439819,Trawlers,3.2949030810414115E-6,5479,2618,1044.6516666666666,87,1148,0,SLE,Sierra Leone,60.0,1.0,14.0,2167,118.50416666666666,2,,,,,61.74611111111111,1
0.0,413000551,Trawlers,,1,1,54.9207763671875,Reefer,0.9554692506790161,Trawlers,4.691377398557961E-4,Reefer,0.9554537534713745,Trawlers,1.893747685244307E-4,789,760,1143.0804166666667,0,304,0,CHN,China,30.869148936170212,2.0,6.091489361702128,940,,,,,,,,
0.02118380062305296,273338020,Trawlers,found on FAO,1,1,80.05744934082031,Reefer,0.9510570764541626,Trawlers,7.571005844511092E-4,Reefer,0.9539538025856018,Trawlers,5.129245691932738E-4,11132,6420,2275.949583333334,136,1739,0,RUS,Russia,59.0,1.0,10.0,2713,8391.751944444444,9,,,,,177.45083333333335,7
0.07089933571793562,412331059,no_idea_what_it_is,listed as fishing,4,1,94.91249084472656,Reefer,0.9464583247900009,Trawlers,3.254143598709902E-4,Reefer,0.9438588321208954,Trawlers,3.3508252604974587E-4,25263,23484,4883.640416666674,1665,20478,0,CHN,China,,,,,6046.377777777778,27,,,,,437.8980555555555,9
0.052770596830392265,412420329,Reefer,,7,1,107.88053240094867,Reefer,0.9447631665638515,Purse_seines,0.0016277050916906344,Reefer,0.9380456379481724,Purse_seines,0.001624910621377294,39696,17794,18874.68708333334,939,2905,0,CHN,China,70.0,1.0,10.0,7913,3650.3994444444447,59,,,,,,
0.0028129395218002813,412697080,no_idea_what_it_is,listed as fishing,1,1,48.29770278930664,Reefer,0.9422268271446228,Trawlers,3.431041550356895E-4,Reefer,0.9591426849365234,Trawlers,2.1635234588757157E-4,12282,711,688.7977777777778,2,3208,0,CHN,China,60.0,1.0,10.0,4893,1045.3227777777777,6,,,,,,
0.06704707560627675,412520202,no_idea_what_it_is,listed as fishing,1,1,93.87370300292969,Reefer,0.940731406211853,Purse_seines,0.03409853205084801,Reefer,0.9445225596427917,Purse_seines,0.02375224605202675,1408,701,550.1440277777779,47,0,0,CHN,China,58.0,1.0,9.0,507,145.2736111111111,3,,,,,,
0.05449712007089056,412420331,no_idea_what_it_is,listed as fishing,8,1,113.18246078491211,Reefer,0.9396394714713097,Purse_seines,3.1577489992769313E-4,Reefer,0.9382956251502037,Purse_seines,3.2125932910813393E-4,25472,20313,21643.722916666673,1107,2551,0,CHN,China,69.70439189189189,1.25,9.994208494208493,4530,3769.2727777777777,62,,,,,582.8916666666667,12
0.08253799929303642,412443571,no_idea_what_it_is,listed as fishing,5,1,61.216304016113284,Reefer,0.9363537788391113,Trawlers,0.006706189632677706,Reefer,0.936980926990509,Trawlers,0.005354163310948934,6281,5658,3284.7690277777774,467,1758,0,CHN,China,72.0,1.0,11.0,3496,1458.1427777777776,19,,,,,0.2411111111111111,1
0.06695254431103488,576276000,Reefer,,9,1,96.06353929307726,Reefer,0.9359928833113776,Purse_seines,4.0049653289939454E-5,Reefer,0.9378287858433194,Purse_seines,8.123987308216051E-5,74332,52470,18240.197916666675,3513,56619,0,VUT,Vanuatu,100.0,1.0,16.0,25008,1111.5063888888888,22,Reefer,,,reefer_fishing,1435.5541666666666,1
0.015007898894154818,277249000,Trawlers,,1,1,116.39564514160156,Reefer,0.9338996410369873,Purse_seines,4.9977952443214235E-8,Reefer,0.9381754994392395,Purse_seines,7.941176818349049E-7,8976,2532,3423.8136111111107,38,2512,0,LTU,Lithuania,120.0,1.0,16.0,1833,2275.6277777777777,7,Trawlers,,,kristina_fishing,3230.7730555555554,17
0.04337899543378995,412420916,Drifting_longlines,,1,1,103.64402770996094,Reefer,0.9326531291007996,Purse_seines,5.739760581491282E-6,Reefer,0.933981716632843,Purse_seines,1.5186983546300326E-5,5026,2190,1098.3163888888898,95,174,0,CHN,China,63.0,1.0,6.0,1205,1020.2922222222222,5,,,,,,
0.08576388888888889,412420909,no_idea_what_it_is,listed as fishing,2,1,78.88768005371094,Reefer,0.904032438993454,Trawlers,0.0243657644787163,Reefer,0.882053941488266,Trawlers,0.02158152766060084,15648,5760,7100.287361111112,494,533,0,CHN,China,82.10102919554716,1.3333333333333333,12.0,3020,7294.355,79,,,,,1590.7030555555557,4
0.05325443786982249,412061678,no_idea_what_it_is,listed as port tender,1,1,47.81472396850586,Reefer,0.8986948132514954,Trawlers,0.06829991191625595,Reefer,0.9267935752868652,Trawlers,0.04511575400829315,577,507,255.9280555555555,27,204,0,CHN,China,63.0,1.0,10.0,395,351.22805555555556,3,,,,,,
0.035930561162696814,412440252,no_idea_what_it_is,listed as fishing,1,1,52.99850845336914,Reefer,0.8820011615753174,Trawlers,8.033265476115048E-4,Reefer,0.926967203617096,Trawlers,9.780756663531065E-4,4902,2477,2504.022916666667,89,525,0,CHN,China,60.0,1.0,12.0,2596,7069.262777777778,45,,,,,22.593055555555555,2
0.0,413751400,no_idea_what_it_is,listed as fishing,1,1,47.3546142578125,Reefer,0.8755193948745728,Trawlers,1.0847015073522925E-4,Reefer,0.9157155156135559,Trawlers,1.1161672591697425E-4,16263,1410,353.2809722222222,0,4121,0,CHN,China,39.0,1.0,6.0,4753,,,,,,,,
0.003720238095238095,273892000,Trawlers,,1,1,97.24745178222656,Reefer,0.8632060885429382,Trawlers,9.326394319941755E-6,Reefer,0.8613371253013611,Trawlers,2.680325269466266E-5,31474,4032,1119.3686111111112,15,711,0,RUS,Russia,64.0,1.0,13.0,15932,311.1647222222222,2,Trawlers,,,itu_fishing,,
0.031774777741191966,312014000,Trawlers,,1,1,103.27468872070312,Reefer,0.8613027930259705,Trawlers,5.904555564484326E-6,Reefer,0.8612467646598816,Trawlers,1.1774253835028503E-5,46570,6074,2704.2730555555545,193,8801,0,BLZ,Belize,97.33333333333333,1.0,15.666666666666666,36422,,,,,,,1171.2944444444445,1
0.05673758865248227,412302660,no_idea_what_it_is,listed as fishing,1,1,61.628868103027344,Reefer,0.8475968837738037,Trawlers,0.010976534336805344,Reefer,0.8404401540756226,Trawlers,0.008880220353603363,161,141,176.58916666666667,8,33,0,CHN,China,36.0,1.0,6.0,66,,,,,,,,
0.006802721088435374,431928000,other_not_fishing,fishery patrol vessel,1,1,69.21331787109375,Reefer,0.8442397713661194,Trawlers,0.071866475045681,Reefer,0.8358727097511292,Trawlers,0.0700347051024437,372,294,118.0445833333333,2,39,0,JPN,Japan,,,,,,,,,,,,
0.0,273824700,Trawlers,,1,1,41.78560256958008,Reefer,0.8236568570137024,Purse_seines,0.00437098229303956,Reefer,0.8432870507240295,Purse_seines,0.0035065305419266224,4117,988,990.91375,0,157,0,RUS,Russia,84.0,1.0,14.0,325,309.4280555555556,6,,,,,,
0.007471980074719801,600013122,no_idea_what_it_is,listed as fishing,1,1,54.498958587646484,Reefer,0.8211101293563843,Purse_seines,0.005657179746776819,Reefer,0.7789573669433594,Purse_seines,0.004766218364238739,5112,803,364.10180555555553,6,2,0,,Invalid MMSI,,,,,,,,,,,,
0.05772811918063315,800038270,no_idea_what_it_is,,1,1,70.49375915527344,Reefer,0.7902293801307678,Purse_seines,0.011138414964079857,Reefer,0.7817537188529968,Purse_seines,0.008702718652784824,1096,537,318.76430555555555,31,808,0,,Invalid MMSI,,,,,980.2075,5,,,,,,
0.038882138517618466,412440254,no_idea_what_it_is,listed as fishing,4,1,52.16300678253174,Reefer,0.7902263328433037,Trawlers,0.056374743387095805,Reefer,0.790371336042881,Trawlers,0.05819935892304784,5739,4115,4484.891944444444,160,942,0,CHN,China,60.0,1.0,12.0,2370,6331.573055555554,88,,,,,,
0.0,211800000,Trawlers,,1,1,40.57107162475586,Reefer,0.7893487215042114,Purse_seines,0.0280942153185606,Reefer,0.809207022190094,Purse_seines,0.019800635054707527,19353,436,133.86847222222218,0,5826,0,DEU,Germany,41.0,1.0,8.0,17584,,,,,,,,
0.04484304932735426,412417632,no_idea_what_it_is,listed as fishing,1,1,40.92011260986328,Reefer,0.7873480319976807,Trawlers,0.012593945488333702,Reefer,0.7875214219093323,Trawlers,0.013252158649265766,1416,892,436.93972222222226,40,149,0,CHN,China,40.0,1.0,7.0,405,2692.4708333333333,5,,,,,,
0.006172839506172839,412329682,no_idea_what_it_is,listed as fishing,1,1,61.93058776855469,Reefer,0.7823502421379089,Trawlers,0.14536753296852112,Reefer,0.8516891002655029,Trawlers,0.07954791188240051,340,324,1791.0929166666663,2,0,0,CHN,China,78.0,1.0,10.0,121,6421.406666666668,65,,,,,,
0.05017530678687703,357788000,Reefer,,9,2,84.6552242702908,Reefer,0.7773723171816932,Trawlers,5.502946101879994E-5,Reefer,0.7986365358034769,Trawlers,2.2589415369604163E-4,98142,79860,25046.02097222201,4007,69418,0,PAN,Panama,84.0,1.0,13.0,24612,426.0388888888889,6,Reefer,,78.72,reefer_fishing,2810.715,9
0.07881878053962184,273823520,Trawlers,,1,1,60.41881561279297,Reefer,0.7743540406227112,Trawlers,0.08378134667873383,Reefer,0.7838625907897949,Trawlers,0.08242832869291306,13088,4707,5792.709444444445,371,4893,0,RUS,Russia,59.0,1.0,9.07907310081223,8252,9127.388888888889,29,,,,,883.6694444444444,8
0.03676183026984748,431799000,Trawlers,,1,1,82.31266784667969,Reefer,0.7645969390869141,Trawlers,0.01510575506836176,Reefer,0.7658203840255737,Trawlers,0.010640690103173256,12188,7671,4614.539166666664,282,0,0,JPN,Japan,68.0,1.0,11.0,1907,1030.2191666666665,28,,,,itu_fishing,,
0.05233422539399346,412331052,Cargo,,4,2,76.29751300811768,Reefer,0.7465894035995007,Pole_and_line,0.037513269265019744,Reefer,0.7860616073012352,Pole_and_line,0.07791991298995526,6644,3363,1254.6708333333318,176,2339,0,CHN,China,74.0,1.0,11.0,4534,232.17472222222221,4,,,,,596.4941666666666,1
0.0,367496580,unknown_fishing,small motor boat,1,1,64.21832275390625,Reefer,0.744425356388092,Purse_seines,7.341361924773082E-5,Reefer,0.8253411054611206,Purse_seines,1.1201528104720637E-4,1425,1001,3684.21125,0,13,0,USA,United States,11.0,1.0,3.0,555,,,,,,,,
0.07351351351351351,412441730,Reefer,,2,1,57.729942321777344,Reefer,0.7418480515480042,Purse_seines,0.20994102164695505,Reefer,0.7464607656002045,Purse_seines,0.21331333077978343,4842,1850,2475.5097222222225,136,1199,0,CHN,China,68.0,1.0,11.0,1935,7219.278333333333,54,,,,,,
0.0,219002682,unknown_fishing,small boat,2,1,40.9420051574707,Reefer,0.7366516590118408,Purse_seines,0.03965654829517007,Reefer,0.7480135560035706,Purse_seines,0.030289147049188614,19222,356,74.82861111111112,0,0,0,DNK,Denmark,15.0,1.0,5.0,8910,,,,,,itu_fishing,,
0.07338129496402877,413661678,no_idea_what_it_is,listed as fishing,4,2,50.958251953125,Reefer,0.7237815260887146,Trawlers,0.16437507112277672,Reefer,0.738568726927042,Trawlers,0.15567271372128744,5300,4865,2410.6376388888884,357,826,0,CHN,China,63.0,1.0,10.0,2497,568.5752777777777,14,,,,,,
0.09706959706959707,412520205,no_idea_what_it_is,listed as fishing,1,1,59.88577651977539,Reefer,0.7232732176780701,Trawlers,0.08474017679691315,Reefer,0.7232694625854492,Trawlers,0.09175927191972733,1584,546,490.1413888888888,53,0,0,CHN,China,58.0,1.0,9.0,600,87.87944444444445,2,,,,,,
0.032059186189889025,412207039,no_idea_what_it_is,listed as fishing,1,1,51.62138748168945,Reefer,0.7214792966842651,Trawlers,0.15444424748420715,Reefer,0.8014277219772339,Trawlers,0.12019524723291397,922,811,989.0408333333332,26,405,0,CHN,China,57.351010101010104,1.5,9.356060606060606,715,1375.7863888888887,10,,,,,,
0.047339757017176375,664584000,Purse_seines,,1,1,101.5599365234375,Reefer,0.7079647183418274,Purse_seines,0.0021456799004226923,Reefer,0.7277710437774658,Purse_seines,0.0023210279177874327,4675,2387,776.6876388888882,113,1803,0,SYC,Seychelles,96.0,1.0,16.0,1541,3752.212777777778,4,,,,,257.94694444444445,1
0.0569794952681388,341136000,Trawlers,,1,1,89.12376403808594,Reefer,0.6770870089530945,Purse_seines,0.2905013859272003,Reefer,0.7606845498085022,Purse_seines,0.1946820318698883,13006,5072,1335.4197222222224,289,2669,0,KNA,Saint Kitts and Nevis,104.0,1.0,16.0,10746,2794.1986111111114,9,,,,,,
0.014857142857142857,312616000,Cargo,,2,2,73.67426300048828,Reefer,0.6765445917844772,Trawlers,5.670792525052093E-4,Reefer,0.6720790714025497,Trawlers,4.044822562718764E-4,7044,1750,496.40722222222263,26,691,0,BLZ,Belize,91.0,1.0,15.0,4482,4922.722222222223,1,,,,,71.30611111111111,4
0.0,413220063,no_idea_what_it_is,listed as fishing,1,1,60.54772186279297,Reefer,0.6751768589019775,Trawlers,3.1396825215779245E-4,Reefer,0.6550483107566833,Trawlers,2.5883791386149824E-4,462,442,983.5438888888887,0,436,0,CHN,China,36.05940594059406,2.0,6.0594059405940595,606,,,,,,,,
0.01335559265442404,150204225,no_idea_what_it_is,listed as fishing,1,1,51.42195510864258,Reefer,0.6746562123298645,Purse_seines,0.08087515085935593,Reefer,0.5898191332817078,Purse_seines,0.08266054093837738,2017,1198,316.225972222222,16,407,0,,Invalid MMSI,34.0,1.0,7.0,55,1232.0655555555556,1,,,,,,
7.849293563579278E-4,273384020,Trawlers,,1,1,58.58533477783203,Reefer,0.6686074137687683,Purse_seines,0.0019165342673659325,Reefer,0.6387799978256226,Purse_seines,0.001868664170615375,21944,5096,934.1922222222206,4,1,0,RUS,Russia,,,,,83.17805555555556,1,,,,itu_fishing,,
0.0752127197068505,416004729,no_idea_what_it_is,listed as fishing,3,2,104.41919453938802,Reefer,0.6641372779686397,Purse_seines,0.33332456386897275,Reefer,0.6640349985349706,Purse_seines,0.3333291778874307,19085,16101,3135.9281944444465,1211,15995,0,TWN,Taiwan,85.60796324655436,4.0,11.645329249617152,3265,3385.6494444444443,15,,,,,498.5902777777779,7
0.06470407850352652,412692990,no_idea_what_it_is,listed as fishing,3,2,54.083272298177086,Reefer,0.6626853204021851,Fixed_gear,0.14294215792324394,Reefer,0.6750134167571863,Pole_and_line,0.09967283604783006,21419,6522,4700.546527777778,422,2237,0,CHN,China,66.0,1.0,10.727495519833097,4391,9620.35,64,,,,,,
0.09437571738298686,273421150,other_fishing,fish factory,8,2,78.62226104736328,Reefer,0.6614901865832508,Trawlers,0.03631082272704589,Reefer,0.6401305408217013,Trawlers,0.04471593555490472,33989,15682,13541.327499999987,1480,14582,0,RUS,Russia,85.0,1.0,13.0,11268,539.6688888888889,12,,,,,8845.814444444444,2
0.08895705521472393,372661000,Cargo,,7,2,80.7112170628139,Reefer,0.6571338868566922,Trawlers,2.3142910745832523E-4,Reefer,0.6509947265897479,Trawlers,1.396035040102106E-4,900,326,249.4211111111111,29,96,0,PAN,Panama,180.0,1.0,30.0,8797,,,,,,itu_fishing,1.3316666666666668,1
0.034814323607427054,224518000,Trawlers,,2,2,73.63461112976074,Reefer,0.6534574031829834,Purse_seines,0.02580085047520697,Reefer,0.7679035663604736,Purse_seines,0.03279037307947874,5143,3016,2358.694861111111,105,1993,0,ESP,Spain,51.52979783300776,2.0,11.57589880159787,948,1282.6091666666666,4,,,,,,
0.09142857142857143,312086000,Cargo,,1,1,84.04776000976562,Reefer,0.6516147255897522,Trawlers,2.2145951515994966E-4,Reefer,0.6436243057250977,Trawlers,1.454488083254546E-4,1410,175,57.185555555555574,16,177,0,BLZ,Belize,104.98868778280543,2.0,20.0,1768,,,,,,,,
0.06604013208026416,412420659,,,5,3,69.59427185058594,Reefer,0.6471999838016927,Drifting_longlines,0.17531767121654412,Reefer,0.635355320153758,Drifting_longlines,0.1798706477507949,4515,3937,3180.990277777778,260,0,0,CHN,China,80.0,1.0,12.0,173,1665.2105555555559,24,,,,,,
0.009630818619582664,412520876,,,1,1,37.54362869262695,Reefer,0.6408262848854065,Trawlers,0.04887234792113304,Reefer,0.622822642326355,Trawlers,0.03626084327697754,7194,623,1304.8830555555558,6,0,0,CHN,China,34.0,1.0,14.0,3594,,,,,,,,
0.06767868437697659,431701440,,,2,2,70.55718231201172,Reefer,0.6390021443367004,Trawlers,0.035159300081431866,Reefer,0.6279441714286804,Trawlers,0.02883843705058098,2687,1581,975.4073611111112,107,0,0,JPN,Japan,52.0,1.0,9.0,297,540.5119444444445,6,,,,itu_fishing,,
0.07168938656280428,440099000,,,3,2,73.27853520711263,Reefer,0.6338810996288279,Purse_seines,0.330998607373355,Reefer,0.631498959660045,Purse_seines,0.33148153497798677,11972,8216,8298.954444444444,589,9124,0,KOR,South Korea,78.0,1.0,13.0,2377,9070.5075,28,,,,,1416.1127777777779,28
0.04323079007995664,645133000,Reefer,,3,2,41.14564005533854,Reefer,0.6260008199606091,Trawlers,0.25931242709096597,Reefer,0.6281277070132395,Trawlers,0.2385395113233244,40315,14758,3215.7056944444553,638,14980,0,MUS,Mauritius,80.0,1.0,15.0,23602,,,,,,itu_fishing,,
0.04216073781291173,412329639,,,5,3,63.50420913696289,Reefer,0.6248168677091599,Trawlers,0.13262421102190275,Reefer,0.6327770046889782,Trawlers,0.1188642537238593,1970,1518,2011.040138888889,64,512,0,CHN,China,,,,,5454.787222222219,29,,,,,,
0.0898876404494382,150203127,,,4,2,76.29933452606201,Reefer,0.6098936155904084,Trawlers,0.003433014239021759,Reefer,0.6003256988478824,Trawlers,0.0024494573478826,2810,2314,1705.4280555555556,208,548,0,,Invalid MMSI,220.0,1.0,36.0,7,8432.568888888889,19,,,,,,
0.02539275253564426,412201875,,,1,1,103.56756591796875,Reefer,0.6008821725845337,Trawlers,1.3316348486114293E-6,Reefer,0.6119422912597656,Trawlers,5.329507530404953E-6,70075,41311,2198.9416666666584,1049,60948,0,CHN,China,66.0,1.0,10.0,12531,,,,,,,0.013611111111111112,2
0.04609743321110529,412440381,,,2,2,55.64170455932617,Reefer,0.5987744703888893,Squid,0.02063219007686712,Reefer,0.5839349403977394,Squid,0.016226776977418922,4361,1909,1856.7294444444447,88,367,0,CHN,China,65.0,1.0,12.0,685,6284.293888888889,37,,,,,,
0.05029286282449924,412452303,,,8,2,49.06465816497803,Reefer,0.5849592052400112,Trawlers,0.07123076120092264,Reefer,0.5882616946473718,Trawlers,0.05326398171803248,33710,27658,12121.067777777778,1391,8465,0,CHN,China,57.556475439049706,2.25,10.998373430470112,11706,3342.874166666667,81,,,,,,
0.060337289194253595,660001900,Purse_seines,,3,2,63.837884267171226,Reefer,0.5839993013845136,Fixed_gear,0.2816520621806073,Reefer,0.6091461046986902,Set_longlines,0.26885114645119756,17696,8005,3011.8395833333334,483,11638,0,REU,RŽunion,84.0,1.0,14.0,3311,20517.968333333338,40,,,,itu_fishing,65.9061111111111,2
0.03047182897025474,275131000,Trawlers,,2,2,74.34991455078125,Reefer,0.5822506919503212,Trawlers,0.38752003278568736,Reefer,0.5344680473208427,Trawlers,0.43010093827251694,48393,45419,795643.8769444444,1384,45233,0,LVA,Latvia,102.08861940298507,1.25,16.0,10953,24.45138888888889,1,Trawlers,,98.1,eu_fishing,4151774.3130555316,23281
0.08997303260603089,900235657,no_idea_what_it_is,listed as fishing,4,2,51.217591285705566,Reefer,0.5818168763071299,Trawlers,0.055819119937950745,Reefer,0.5686876364052296,Trawlers,0.04741798876784742,4197,4079,2118.6858333333325,367,0,0,,Invalid MMSI,133.625,6.0,22.25,16,2356.5636111111107,16,,,,,,
0.0815347721822542,412331053,,,4,2,78.83822631835938,Reefer,0.5770875588059425,Squid,0.09247502192906865,Reefer,0.5705642327666283,Squid,0.12196314877313341,10762,3336,2516.249722222223,272,3400,0,CHN,China,74.5,1.0,11.0,6873,5008.8725,30,,,,,24.84111111111111,1
0.08080808080808081,412203530,,,8,2,56.99770164489746,Reefer,0.573580177500844,Trawlers,0.26080370027193567,Reefer,0.5823786361142993,Trawlers,0.2739359537117707,1802,1584,910.0924999999999,128,1732,0,CHN,China,54.0,1.0,8.0,1571,1192.5605555555555,11,,,,,,
0.0,412523193,,,1,1,42.42469024658203,Reefer,0.5612449049949646,Trawlers,8.030419121496379E-4,Reefer,0.609707236289978,Purse_seines,9.35444375500083E-4,1550,74,233.97319444444446,0,0,0,CHN,China,34.0,1.0,14.0,1102,,,,,,,,
0.04226530896917283,775634000,Purse_seines,,1,1,87.26774597167969,Reefer,0.560245931148529,Trawlers,0.23738032579421997,Reefer,0.5442649126052856,Trawlers,0.24293252825737,12618,7169,1881.8965277777768,303,7316,0,VEN,Venezuela,91.0,1.0,15.0,1340,4272.696944444445,10,,,,,17.58361111111111,3
0.017994858611825194,412438859,,,1,1,47.8725700378418,Reefer,0.5588740110397339,Trawlers,0.00402834452688694,Reefer,0.5658537149429321,Trawlers,0.00336593110114336,3316,1556,899.7820833333333,28,795,0,CHN,China,30.0,1.0,6.0,1505,11221.667777777777,10,,,,,,
0.047453703703703706,431078000,,,7,2,79.97399411882672,Reefer,0.5541393371199125,Trawlers,0.3315918332248527,Reefer,0.5429360429490251,Trawlers,0.33072127861045636,1703,864,519.15875,41,13,0,JPN,Japan,78.0,1.0,12.0,917,628.9447222222223,3,,,,itu_fishing,,
0.05227655986509275,900480005,no_idea_what_it_is,possible fishing,1,1,30.360673904418945,Reefer,0.5490286350250244,Trawlers,0.04295121505856514,Reefer,0.5780090093612671,Trawlers,0.04285832494497299,5758,593,314.6490277777777,31,3866,0,,Invalid MMSI,,,,,764.6025,1,,,,,,
0.0,412354266,,,1,1,48.846946716308594,Reefer,0.5443694591522217,Purse_seines,0.15888744592666626,Reefer,0.5299913883209229,Purse_seines,0.1730135828256607,10030,2316,259.6922222222217,0,0,0,CHN,China,48.0,1.0,8.0,4255,,,,,,,,
0.022869987155701443,367526070,other_fishing,fish factory,7,3,55.05689130510603,Reefer,0.5421528945277844,Trawlers,0.02156690543831376,Reefer,0.5372849611033287,Trawlers,0.024785107897644463,83371,56056,15641.734305555501,1282,38884,0,USA,United States,99.99953744946207,1.25,16.000308367025287,30431,,,,,,,131.75916666666666,1
0.020468227424749165,667001590,Trawlers,,1,1,108.3021240234375,Reefer,0.534713864326477,Trawlers,2.1547884898609482E-7,Reefer,0.5677085518836975,Trawlers,1.7189149730256759E-6,8660,7475,1288.6681944444447,153,6664,0,SLE,Sierra Leone,67.0,1.0,14.0,1120,178.98555555555555,2,,,,,1017.1758333333333,4
0.0,620028000,unknown_fishing,not clear from photos,2,2,41.26954460144043,Reefer,0.5341017171740532,Fixed_gear,0.3456044145350461,Reefer,0.6191638708114624,Set_longlines,0.19836683459288906,197,190,203.07472222222225,0,197,0,COM,Comoros,27.0,1.0,7.0,12,,,,,,,,
0.06136087484811665,200006639,,,1,1,70.45405578613281,Reefer,0.5291306972503662,Squid,1.3087668048683554E-4,Reefer,0.49735769629478455,Squid,1.7097126692533493E-4,1997,1646,6287.079305555554,101,9,0,,Invalid MMSI,,,,,5298.969444444445,60,,,,,122.75361111111113,5
0.07675791733762748,412439598,,,4,2,67.82600116729736,Reefer,0.526071886983118,Squid,0.47208905263468637,Reefer,0.5222008719210862,Squid,0.4760496049245262,13183,5589,9428.501111111113,429,4717,0,CHN,China,76.0,1.0,12.0,5449,7390.645555555557,123,,,,,717.9147222222222,12
0.08720271800679502,413767543,,,1,1,40.78358840942383,Reefer,0.5169928669929504,Trawlers,2.834231127053499E-4,Reefer,0.5007879137992859,Trawlers,1.9132687884848565E-4,1224,883,1462.5259722222222,77,182,0,CHN,China,30.0,1.0,6.0,835,5958.260833333333,6,,,,,8.719444444444445,1
0.028656551385220223,366577000,other_fishing,fish factory,8,4,67.89217329025269,Reefer,0.5127313195262104,Trawlers,0.12623005717568958,Reefer,0.5051425867713988,Trawlers,0.1275030193597786,96500,32558,14224.309861111065,933,26208,0,USA,United States,93.0,1.0,18.25247958379395,67984,41.34166666666667,1,,,,,,
0.09640944257091846,412419023,,,4,2,37.15490102767944,Reefer,0.5104119090829045,Trawlers,0.17710341879956104,Reefer,0.5048792697489262,Trawlers,0.1971637295691835,5505,5041,2676.662916666666,486,1586,0,CHN,China,51.0045871559633,1.3333333333333333,8.0,1420,3309.8591666666666,16,,,,,,
0.0,412331156,,,1,1,63.10783004760742,Reefer,0.5085311532020569,Squid,0.02823345549404621,Reefer,0.4559294581413269,Squid,0.03920048102736473,1262,1245,401.4502777777777,0,0,0,CHN,China,45.0,1.0,8.0,343,,,,,,,,
0.004237896853900302,251424000,Trawlers,,2,2,44.754146575927734,Reefer,0.5078470259904861,Purse_seines,0.07089142873883247,Reefer,0.5006682947278023,Purse_seines,0.06862154975533485,26918,13922,3081.469722222211,59,4111,0,ISL,Iceland,75.0,1.0,16.0,11328,,,,,,,3.3569444444444443,2
0.0,100900059,,,1,1,44.75307846069336,Reefer,0.4991886615753174,Purse_seines,0.0835026279091835,Reefer,0.519168496131897,Purse_seines,0.08781999349594116,248,106,213.72250000000003,0,132,0,,Invalid MMSI,,,,,222.21194444444444,2,,,,,,
0.0571658615136876,412440253,,,2,2,52.711055755615234,Reefer,0.49841781985014677,Pole_and_line,0.41229155326732325,Reefer,0.4975745505653322,Pole_and_line,0.4238505845146392,1384,1242,1874.048611111111,71,417,0,CHN,China,59.654320987654316,1.5,11.901234567901234,687,3422.499444444445,34,,,,,,
0.07983193277310924,412011203,,,1,1,60.405818939208984,Reefer,0.4928472340106964,Trawlers,0.4397735595703125,Reefer,0.615683376789093,Trawlers,0.29095542430877686,3409,476,390.67680555555563,38,95,0,CHN,China,50.0,1.0,8.0,1353,7781.334722222222,6,,,,,,
0.06359568693611091,412453002,,,8,2,50.21529960632324,Reefer,0.4914115071296692,Trawlers,0.016459522274089977,Reefer,0.4842428443953395,Trawlers,0.012119285558583215,16581,13633,7330.7325,867,983,0,CHN,China,54.0,1.0,10.0,4834,4427.645277777778,44,,,,,18.47,1
0.06330014224751067,200008094,,,2,2,44.92709922790527,Reefer,0.4905919966986403,Trawlers,0.47090766666224226,Reefer,0.487891981494613,Trawlers,0.4789867498620879,2607,1406,467.2466666666666,89,155,0,,Invalid MMSI,,,,,5777.96,7,,,,,,
0.015413130426299873,367445470,other_fishing,fish factory,5,3,46.562774658203125,Reefer,0.4894934743642807,Trawlers,0.07698922356366893,Reefer,0.504710890352726,Trawlers,0.09064682167190767,172677,20502,6512.198055555557,316,40132,0,USA,United States,57.999911366090274,1.5,10.000523745830177,115758,,,,,,,,
0.03488372093023256,412419026,,,2,2,41.96521186828613,Reefer,0.48692750558257103,Trawlers,0.2462284043431282,Reefer,0.4960857778787613,Trawlers,0.2594897164963186,4707,4386,3565.3702777777776,153,1215,0,CHN,China,52.0,1.0,8.0,2145,9495.394166666667,34,,,,,,
0.04074383618888425,412419011,,,4,2,37.00496244430542,Reefer,0.48367449769284576,Trawlers,0.34623412834480405,Reefer,0.4985048172529787,Trawlers,0.3374016381567344,4942,4786,3691.1841666666664,195,1353,0,CHN,China,50.0,1.0,8.0,2137,2653.353055555556,28,,,,,,
0.07643312101910828,412452781,,,1,1,36.860111236572266,Reefer,0.47707000374794006,Trawlers,0.09817293286323547,Reefer,0.5332484245300293,Trawlers,0.09258829057216644,2062,471,769.7334722222222,36,448,0,CHN,China,50.0,1.0,9.0,1398,981.0205555555556,3,,,,,,
0.06418219461697723,900404815,,,2,2,38.815114974975586,Reefer,0.47153703321237117,Fixed_gear,0.14935166883515194,Reefer,0.46974854404106736,Trawlers,0.16149473434779793,2281,1449,1595.2680555555557,93,1073,0,,Invalid MMSI,33.0,1.0,6.0,1643,1603.6913888888887,7,,,,,,
0.0,760121000,Trawlers,,1,1,57.5079460144043,Reefer,0.4690096974372864,Purse_seines,2.8034384740749374E-5,Reefer,0.49938538670539856,Purse_seines,6.305493297986686E-5,20103,17490,3371.9755555555207,0,19786,0,PER,Peru,84.0,1.0,13.0,904,,,,,,,,
0.0887877063175868,412411578,,,2,2,38.218666076660156,Reefer,0.4654337608262722,Trawlers,0.4194878748312476,Reefer,0.48182688310589583,Trawlers,0.47784932993454277,1868,1757,1169.8401388888888,156,404,0,CHN,China,32.0,1.0,8.0,719,16169.775000000001,22,,,,,,
0.0010204081632653062,150201012,no_idea_what_it_is,possibly cargo,2,2,58.982337951660156,Reefer,0.4609299376606941,Trawlers,0.09873490035533905,Reefer,0.4419088214635849,Trawlers,0.07738467631861567,2092,1960,35990.18388888889,2,85,0,,Invalid MMSI,,,,,,,,,,,12.390555555555556,1
0.02234742972904533,413501480,,,4,3,41.15683364868164,Reefer,0.4584771804511547,Trawlers,0.10224979737540707,Reefer,0.4492845945060253,Trawlers,0.06359537169919349,17573,15796,8062.9091666666645,353,6534,0,CHN,China,72.87130397787705,1.3333333333333333,10.0,10944,179.06972222222223,2,,,,,38.583888888888886,1
0.011940298507462687,900403281,no_idea_what_it_is,listed as fishing,1,1,34.25966262817383,Reefer,0.45582181215286255,Trawlers,0.030452610924839973,Tanker,0.5152207612991333,Trawlers,0.019369281828403473,2703,335,535.8708333333333,4,489,0,,Invalid MMSI,30.0,1.0,6.0,1030,,,,,,,,
0.04614518851997749,412416147,,,2,2,29.127445220947266,Reefer,0.45379931945353746,Trawlers,0.005405060888733715,Reefer,0.4605935411527753,Trawlers,0.005281309480778873,2277,1777,1259.2606944444442,82,233,0,CHN,China,34.0,1.0,7.0,653,3942.9802777777777,15,,,,,,
0.03537603252173161,416046500,,,4,3,51.2914514541626,Reefer,0.45027398504341976,Squid,0.32006302615627646,Reefer,0.4548848457634881,Squid,0.3211439408478327,30329,23123,427036.56916666665,818,24719,0,TWN,Taiwan,32.8216704288939,1.5,5.146726862302483,4732,3271.9530555555557,11,,,,,158.42472222222221,6
0.08395166419334323,412410008,,,3,2,45.734030405680336,Reefer,0.44986941168705624,Pole_and_line,0.18396090914029628,Reefer,0.48612141516059637,Pole_and_line,0.1906507178209722,5701,4717,3063.621944444445,396,1419,0,CHN,China,49.904761904761905,1.3333333333333333,8.0,2614,1198.128333333333,20,,,,,,
0.0016501650165016502,600004617,no_idea_what_it_is,,2,2,46.879085540771484,Reefer,0.44782211631536484,Trawlers,6.54133420425751E-5,Reefer,0.3880774974822998,Trawlers,1.719048646009469E-5,640,606,261.7227777777778,1,567,0,,Invalid MMSI,,,,,,,,,,,,
0.0,659435000,Trawlers,,1,1,34.73052215576172,Reefer,0.4464600384235382,Drifting_longlines,0.0031021174509078264,Reefer,0.45268261432647705,Drifting_longlines,0.0020808610133826733,9165,173,21.483611111111124,0,5337,0,NAM,Namibia,46.04465902232951,2.0,8.006638503319252,1657,,,,,,,,
0.06182795698924731,412061186,,,1,1,53.3831901550293,Reefer,0.4455232322216034,Trawlers,0.04600576311349869,Reefer,0.45412588119506836,Trawlers,0.03924179449677467,1217,1116,872.5506944444444,69,0,0,CHN,China,59.0,1.0,10.0,1437,271.34861111111115,8,,,,,,
0.0,100004146,,,1,1,57.3172492980957,Reefer,0.4407760500907898,Purse_seines,0.22826546430587769,Reefer,0.407540887594223,Purse_seines,0.24359449744224548,558,498,348.08319444444453,0,0,0,,Invalid MMSI,18.0,1.0,7.0,124,,,,,,,,
0.041807147673634526,412419017,,,2,2,37.39688587188721,Reefer,0.4375917986035347,Pole_and_line,0.1503684491617605,Reefer,0.45155028998851776,Pole_and_line,0.13061568202101626,3015,2966,2967.6375,124,667,0,CHN,China,50.0,1.0,8.0,1211,3788.3475,21,,,,,,
0.068,412440245,,,1,1,34.93704605102539,Reefer,0.4352034032344818,Trawlers,0.039253950119018555,Reefer,0.4603939652442932,Trawlers,0.04489268735051155,940,750,1075.4802777777777,51,45,0,CHN,China,55.0,1.0,10.0,450,6539.348055555555,19,,,,,,
0.09547985587946282,800130618,no_idea_what_it_is,listed as fishing,6,3,39.762872060139976,Reefer,0.4348150508215743,Trawlers,0.2443784947002617,Reefer,0.4498981443903176,Trawlers,0.230607142225684,12787,12212,7984.9238888888885,1166,5635,0,,Invalid MMSI,90.0,1.0,16.0,6832,4645.385,74,,,,,,
0.08216292134831461,503400000,,,2,2,72.70795440673828,Reefer,0.43170270789414644,Trawlers,0.008367494829144562,Reefer,0.4263233377132565,Trawlers,0.006256361873965943,10969,2848,1600.177638888889,234,0,0,AUS,Australia,52.0,1.0,12.0,6638,,,,,,,,
0.015150387135199523,367395640,other_fishing,fish factory,5,4,68.33517379760742,Reefer,0.42990009039640426,Trawlers,0.13674959298634803,Reefer,0.42769178077578546,Trawlers,0.11926728122502936,54062,26864,10105.040277777773,407,31683,0,USA,United States,,,,,,,,,,,0.6180555555555556,1
0.016260162601626018,800006116,,,1,1,36.1904411315918,Reefer,0.42797932028770447,Pole_and_line,0.14957036077976227,Reefer,0.44658413529396057,Set_longlines,0.1455034762620926,347,123,163.4340277777778,2,87,0,,Invalid MMSI,50.0,1.0,7.0,325,528.9044444444445,2,,,,,,
0.0407174018419777,431097000,,,4,3,72.66014385223389,Reefer,0.42763303678475495,Trawlers,0.16589034334596686,Reefer,0.43286691702815006,Trawlers,0.1673063748328225,22878,4126,1116.4113888888887,168,136,0,JPN,Japan,83.99992925362575,2.0,12.835019455252919,14135,1393.1094444444443,8,,,,itu_fishing,,
0.0,412200253,,,1,1,49.71857452392578,Reefer,0.42480480670928955,Purse_seines,0.20625406503677368,Reefer,0.4401509463787079,Purse_seines,0.1663168966770172,177,116,99.86111111111111,0,14,0,CHN,China,,,,,36.98638888888889,1,,,,,,
0.047244094488188976,257072440,Trawlers,,3,2,33.84451166788737,Reefer,0.421651978045702,Trawlers,0.07246920738058786,Reefer,0.41974524160226184,Trawlers,0.0791961857272933,9592,2413,1685.3190277777774,114,666,0,NOR,Norway,19.333333333333332,1.0,6.0,489,190.58416666666668,2,,,,,,
0.04555010511562719,412419825,,,1,1,38.1627082824707,Reefer,0.42064952850341797,Trawlers,0.1636880785226822,Reefer,0.42353928089141846,Trawlers,0.16302551329135895,1698,1427,863.8927777777776,65,249,0,CHN,China,45.0,1.0,8.0,498,8493.408888888887,9,,,,,,
0.02799160251924423,200007439,no_idea_what_it_is,listed as fishing,1,1,35.13759994506836,Reefer,0.41907739639282227,Trawlers,0.10097213089466095,Reefer,0.4283425807952881,Trawlers,0.09911326318979263,1682,1429,762.4975000000001,40,40,0,,Invalid MMSI,,,,,1648.1758333333332,8,,,,,,
0.059113300492610835,412443677,,,2,2,39.72412300109863,Reefer,0.4181852638721466,Trawlers,0.021753951907157898,Reefer,0.4254380911588669,Trawlers,0.018625966738909483,7833,5887,2901.783888888889,348,2284,0,CHN,China,55.99869178440607,1.3333333333333333,7.0,4566,660.2919444444444,6,,,,,,
0.0718562874251497,412450326,,,1,1,39.0762825012207,Reefer,0.41605669260025024,Trawlers,0.10881864279508591,Reefer,0.3822982907295227,Trawlers,0.08004633337259293,2213,1670,1117.5143055555554,120,454,0,CHN,China,30.0,1.0,6.0,374,4996.141944444445,12,,,,,,
0.0693410978108487,226254000,Purse_seines,,4,3,45.3811559677124,Reefer,0.4066471048281528,Trawlers,0.22232477023499086,Reefer,0.41748043248662725,Trawlers,0.220910357136745,70395,9273,3186.3406944444446,643,4474,0,FRA,France,38.0,1.0,10.0,32365,641.8855555555555,7,,,,,2727.4005555555555,4
0.09215017064846416,150202717,Cargo,,3,3,58.89788945515951,Reefer,0.401388943195343,Trawlers,0.10381744807818905,Reefer,0.402442067861557,Trawlers,0.10582062739801283,377,293,471.0811111111111,27,119,0,,Invalid MMSI,,,,,435.23555555555555,5,,,,,,
0.03854875283446712,503764000,Tug,,7,3,57.51718412126814,Reefer,0.39357207609074457,Trawlers,0.050113944170464365,Reefer,0.3932504520884582,Trawlers,0.04612820781767368,566,441,138.4622222222222,17,26,0,AUS,Australia,52.0,1.0,15.0,237,,,,,,,,
0.04276355695741842,367545050,other_fishing,fish factory,3,3,48.036513010660805,Reefer,0.39139249579360086,Trawlers,0.036046811839090274,Reefer,0.41318637412041426,Trawlers,0.04652221410894223,32798,16486,7373.027916666631,705,16835,0,USA,United States,52.00456887333528,1.3333333333333333,9.99970836978711,14324,,,,,,,3305.3502777777776,1
0.08040014820303816,200003004,,,4,3,41.66687202453613,Reefer,0.3862879639491439,Trawlers,0.3248197473003529,Reefer,0.38062429148703814,Trawlers,0.3253077669069171,3769,2699,769.7634722222226,217,235,0,,Invalid MMSI,,,,,244.78277777777777,5,,,,,,
0.06568333717446416,338590000,Trawlers,,4,2,37.48576354980469,Reefer,0.38407599180936813,Purse_seines,0.014909712182998192,Reefer,0.3800112009048462,Purse_seines,0.012091248216165695,77041,4339,1538.3355555555524,285,52648,0,USA,United States,25.0,1.0,10.0,16043,,,,,,,2871.9625,2
0.062192118226600986,367170920,unknown_fishing,,4,3,35.258623123168945,Reefer,0.376783632702427,Trawlers,0.2885246927617118,Reefer,0.394060326856561,Trawlers,0.2698479841928929,8605,4872,3771.5011111111103,303,573,0,USA,United States,18.0,1.0,6.0,3499,55.72833333333333,2,,,,,,
0.09307359307359307,412439307,,,2,2,40.724287033081055,Reefer,0.36697017028927803,Trawlers,0.2071433002129197,Reefer,0.4066831059753895,Trawlers,0.17785341781564057,1897,1848,1381.232361111111,172,267,0,CHN,China,30.0,1.0,6.0,444,4472.043333333333,22,,,,,,
0.05701401191818328,660003800,Purse_seines,,1,1,94.07524108886719,Reefer,0.3657406270503998,Purse_seines,0.33398959040641785,Reefer,0.36647793650627136,Purse_seines,0.34352999925613403,10506,6209,2778.5484722222222,354,7755,0,REU,RŽunion,90.0,1.0,14.0,2624,11559.22138888889,25,,,,,20.23777777777778,1
0.09553775743707094,413061986,,,7,4,44.65237481253488,Reefer,0.3622040297237358,Trawlers,0.07367218093267118,Reefer,0.3561044140951708,Trawlers,0.10778932613610388,18482,13984,6500.534166666664,1336,4625,0,CHN,China,56.89984124529122,1.6666666666666667,9.899985567753747,14669,464.8794444444444,15,,,,,1259.0827777777777,15
0.038890767669935745,412443346,,,3,3,46.29181671142578,Reefer,0.3617247993436952,Trawlers,0.27141677180861734,Reefer,0.35995641940583784,Trawlers,0.2992518565892321,4007,2957,1564.7024999999999,115,0,0,CHN,China,31.0,1.0,6.0,1426,1172.9775,12,,,,,,
0.008541600759253401,273383020,Trawlers,,1,1,47.90834426879883,Reefer,0.3588331639766693,Purse_seines,0.12290851026773453,Reefer,0.35020723938941956,Trawlers,0.13633988797664642,18983,3161,543.6783333333326,27,1,0,RUS,Russia,,,,,84.09305555555555,1,,,,itu_fishing,,
0.07244212098581031,341805000,Trawlers,,3,3,65.009339650472,Reefer,0.3569696227835569,Trawlers,0.3333271254693197,Reefer,0.3601194875567065,Trawlers,0.333268280698879,1444,1339,2673.739583333333,97,1335,0,KNA,Saint Kitts and Nevis,104.0,1.0,16.0,108,3164.806111111111,3,,,,,2305.488888888889,89
0.034698288451428236,412099099,,,8,3,41.90259075164795,Reefer,0.35675511648878455,Trawlers,0.27084333123639226,Reefer,0.371684767305851,Trawlers,0.24190422985702753,19563,17119,9695.124305555555,594,3344,0,CHN,China,59.0,1.0,10.0,9637,4669.674999999999,31,,,,,996.3197222222223,8
0.08222811671087533,900402690,,,1,1,34.7026252746582,Reefer,0.355918288230896,Squid,0.33816730976104736,Reefer,0.323538601398468,Squid,0.2354973405599594,979,754,715.2045833333334,62,477,0,,Invalid MMSI,49.0,1.0,7.0,619,1265.73,5,,,,,,
0.0,412354264,,,1,1,45.77162170410156,Reefer,0.3552616834640503,Trawlers,0.15750910341739655,Reefer,0.3178474009037018,Trawlers,0.14667843282222748,382,153,38.85666666666667,0,0,0,CHN,China,48.0,1.0,8.0,331,,,,,,,,
0.031954553523877154,366299000,other_fishing,fish factory,8,3,46.72232103347778,Reefer,0.35443258940358646,Trawlers,0.002695722895758479,Reefer,0.3867062646604609,Trawlers,0.0021095682303666763,49628,28165,12365.87833333332,900,23846,0,USA,United States,99.0,1.0,19.0,16535,,,,,,,,
0.06243047830923248,431006131,,,3,3,55.737815856933594,Reefer,0.3524875119328499,Purse_seines,0.17962860203745853,Reefer,0.34372518956661224,Purse_seines,0.19944189606030704,16091,7192,2024.6120833333323,449,0,0,JPN,Japan,,,,,38.71388888888889,1,,,,itu_fishing,,
0.09146341463414634,341659000,Trawlers,,3,3,45.79567845662435,Reefer,0.3475365562286849,Trawlers,0.32722998786872876,Reefer,0.37525983538944274,Trawlers,0.34420126979239285,4347,164,76.18444444444444,15,443,0,KNA,Saint Kitts and Nevis,60.99687337154768,2.0,9.0,1919,225.06805555555556,1,,,,,,
0.012636012636012635,416001248,,,1,1,42.770145416259766,Reefer,0.34477725625038147,Trawlers,0.15474820137023926,Reefer,0.37791121006011963,Trawlers,0.1521662473678589,18079,2849,1216.7841666666666,36,3035,0,TWN,Taiwan,24.996632996632997,1.3333333333333333,8.298416261379224,13057,403.7538888888889,2,,,,,128.4488888888889,2
0.07250470809792843,412435995,,,1,1,22.339101791381836,Reefer,0.33531975746154785,Fixed_gear,0.29665762186050415,Reefer,0.4040072560310364,Set_gillnets,0.08676167577505112,1191,1062,871.6948611111111,77,67,0,CHN,China,30.0,1.0,6.0,170,4049.973888888889,13,,,,,,
0.0,412330439,,,2,2,40.10706329345703,Reefer,0.3349101871717721,Fixed_gear,0.2780756237334572,Reefer,0.34876521513797343,Pole_and_line,0.21334109851159155,3567,599,359.2281944444442,0,745,0,CHN,China,25.99740596627756,2.0,4.052529182879377,3084,,,,,,,,
0.035483870967741936,412419016,,,4,3,36.29608345031738,Reefer,0.33127677463926375,Trawlers,0.24416983785340562,Reefer,0.3406261093914509,Trawlers,0.2915110553440172,6445,5270,3529.5459722222217,187,1970,0,CHN,China,51.0,1.0,7.5,3018,9143.223888888888,32,,,,,,
0.03161493950552341,355651000,Purse_seines,,5,4,74.81184616088868,Reefer,0.3301709186285734,Purse_seines,0.23267775755375625,Reefer,0.33101162798702716,Purse_seines,0.31895001213997604,36254,19010,7342.225833333334,601,10847,0,PAN,Panama,62.0,1.0,11.0,2985,9434.995277777778,12,Purse seines,,,kristina_fishing,720.0088888888889,3
0.04776119402985075,413326880,,,3,3,50.85761642456055,Reefer,0.32935553789138794,Trawlers,0.014941601715084593,Seismic_vessel,0.3271031069258849,Trawlers,0.015884340528221703,956,670,383.5434722222223,32,0,0,CHN,China,100.0,1.0,18.0,312,72.83138888888888,2,,,,,,
0.009259259259259259,412482498,,,1,1,32.82246398925781,Reefer,0.3222005069255829,Trawlers,0.2568112015724182,Reefer,0.36679375171661377,Trawlers,0.2871791422367096,1077,108,226.30319444444444,1,0,0,CHN,China,28.75432525951557,2.0,6.501730103806229,578,521.9427777777778,2,,,,,,
0.087248322147651,412440174,,,1,1,65.29145812988281,Reefer,0.31927964091300964,Purse_seines,0.019793527200818062,Tug,0.38101494312286377,Purse_seines,0.020008722320199013,7495,1490,3289.4386111111103,130,1786,0,CHN,China,50.0,1.0,9.001889020070838,4235,286.2005555555555,8,,,,,5.159999999999999,4
0.030379746835443037,412420601,,,3,2,28.550634384155273,Reefer,0.3015261823311448,Trawlers,0.1226712573164453,Reefer,0.3189223036170006,Trawlers,0.13351907247367004,16354,2370,952.3122222222228,72,922,0,CHN,China,30.0,1.0,6.0,2055,3505.8541666666665,7,,,,,,
0.0,900018994,,,1,1,20.86643409729004,Reefer,0.2672673165798187,Purse_seines,0.13418461382389069,Reefer,0.2554872930049896,Purse_seines,0.09395764768123627,1544,1140,1531.4168055555554,0,617,0,,Invalid MMSI,,,,,,,,,,,,
0.06843142776682624,701000793,,,6,4,37.97808011372884,Reefer,0.25552880767501546,Trawlers,0.24635075397479037,Reefer,0.2564707638000148,Trawlers,0.24359649365457395,84022,21306,97801.72513888891,1458,44003,0,ARG,Argentina,47.00567554784802,1.3333333333333333,8.000840821903411,19756,281.1586111111111,7,,,,,2001512.871944448,3726
0.08567600160793247,431466000,,,9,6,54.41248448689779,Reefer,0.22170965163968503,Trawlers,0.19815806856948054,Reefer,0.2166481597556008,Trawlers,0.2157800903854271,57914,37315,11597.849166666645,3197,13028,0,JPN,Japan,60.0,1.0,10.000089949088816,42251,685.8830555555555,10,,,,,,
,,,,,,,,,,,,,,,,,,,,,,,,,,,,,,,,,,
"SELECT fishing_points / active_positions as fishing_fraction, *  FROM [world-fishing-827:scratch_david_mmsi_lists.allyears_fishing_vessel_info] 
where nn_max_label_all != nn_max_label_fishing_all
and fishing_points / active_positions < .1
and nn_max_label_all = ""Reefer""
order by nn_max_score_all desc",,,,,,,,,,,,,,,,,,,,,,,,,,,,,,,,,,