,mmsi,label,length,tonnage
0,664090000,Reefer,93.78,2600.0
1,636017468,Reefer,94.65,3496.0
2,273385860,Reefer,102.8,4109.0
3,357020000,Reefer,100.98,4361.0
4,529606000,Reefer,84.6,2429.0
5,542156110,Reefer,84.6,2429.0
6,352135000,Reefer,104.0,2910.0
7,412203190,Reefer,41.0,218.0
8,351537000,Reefer,98.0,3298.0
9,273347980,Reefer,82.0,930.0
10,277312000,Reefer,132.31,5899.0
11,441720000,Reefer,87.54,2623.0
12,529604000,Reefer,85.32,2047.0
13,354655000,Reefer,66.14,1176.0
14,312774000,Reefer,76.87,1610.0
15,416602000,Reefer,74.53,1095.0
16,357788000,Reefer,81.54,1890.0
17,357788000,Reefer,81.54,1890.0
18,416308000,Reefer,80.45,1872.0
19,416702000,Reefer,80.49,1866.0
20,355855000,Reefer,96.7,2695.0
21,576397000,Reefer,94.5,2600.0
22,576395000,Reefer,90.27,2713.0
23,529578000,Reefer,88.17,2713.0
24,529354000,Reefer,104.47,4238.0
25,577102000,Reefer,120.76,4521.0
26,355295000,Reefer,117.06,4490.0
27,577106000,Reefer,117.8,4490.0
28,306497000,Reefer,110.7,4440.0
29,577169000,Reefer,122.74,4969.0
30,353242000,Reefer,120.5,5757.0
31,431678000,Reefer,121.23,4992.0
32,224124000,Reefer,128.76,7207.0
33,577132000,Reefer,134.16,6558.0
34,277397000,Reefer,134.01,7326.0
35,370599000,Reefer,131.61,6558.0
36,306796000,Reefer,102.86,4263.0
37,306862000,Reefer,108.81,4666.0
38,312534000,Reefer,76.67,2617.0
39,312862000,Reefer,108.76,3960.0
40,352533000,Reefer,91.03,3574.0
41,354683000,Reefer,88.94,2581.0
42,371322000,Reefer,99.98,3503.0
43,416861000,Reefer,76.8,1376.0
44,224434000,Reefer,105.0,4263.0
45,351370000,Reefer,120.6,4961.0
46,514211000,Reefer,67.24,1159.0
47,515557000,Reefer,59.25,991.0
48,528565426,Reefer,65.23,991.0
49,312387000,Reefer,64.75,1238.0
50,548352100,Reefer,65.85,1239.0
51,312932000,Reefer,65.85,1980.0
52,372886000,Reefer,81.1,1467.0
53,514565000,Reefer,71.82,1486.0
54,567183000,Reefer,81.73,2285.0
55,515717000,Reefer,98.75,2970.0
56,354617000,Reefer,83.85,2453.0
57,422733000,Reefer,81.13,2277.0
58,416567000,Reefer,105.3,2944.1
59,354874000,Reefer,85.83,2856.0
60,627047000,Reefer,93.8,2829.0
61,416778000,Reefer,100.0,3062.0
62,440222000,Reefer,108.02,3696.0
63,353692000,Reefer,108.02,3696.0
64,441923000,Reefer,99.0,2004.0
65,249889000,Reefer,99.0,2004.0
66,306511000,Reefer,105.35,4190.0
67,440241000,Reefer,119.15,4273.0
68,273354920,Reefer,119.15,4273.0
69,529105000,Reefer,99.58,3505.0
70,351822000,Reefer,99.58,3505.0
71,351350000,Reefer,113.16,4546.0
72,357600000,Reefer,115.15,5077.0
73,272296000,Reefer,115.15,5077.0
74,371542000,Reefer,115.9,4261.0
75,440102000,Reefer,115.8,4189.0
76,538002998,Reefer,115.8,4189.0
77,529051000,Reefer,116.5,3829.0
78,277327000,Reefer,113.3,4587.0
79,357642000,Reefer,125.67,5323.0
80,372910000,Reefer,110.2,4986.0
81,440097000,Reefer,124.0,5469.0
82,371335000,Reefer,138.38,6268.0
83,529092000,Reefer,132.77,7595.0
84,312844000,Reefer,138.9,6545.0
85,204708000,Reefer,100.6,4450.0
86,440237000,Reefer,100.98,3747.0
87,355643000,Reefer,125.67,5321.0
88,353981000,Reefer,143.3,9997.0
89,357735000,Reefer,127.38,7367.0
90,548363100,Reefer,80.7,1542.56
91,273440860,Reefer,48.88,488.0
92,273812710,Reefer,179.2,32096.0
93,636015608,Reefer,179.2,32096.0
94,273459100,Reefer,31.85,190.0
95,273511500,Reefer,172.09,13485.0
96,416696000,Reefer,111.1,3582.03
97,353901000,Reefer,88.6,2383.0
98,412202730,Reefer,50.0,289.0
99,412203020,Reefer,50.0,287.0
100,529086000,Reefer,95.2,2900.0
101,374140000,Reefer,95.2,2900.0
102,548246100,Reefer,58.57,914.0
103,273349420,Reefer,58.2,795.0
104,273355540,Reefer,63.0,1045.0
105,352901000,Reefer,63.0,1045.0
106,273442580,Reefer,71.1,959.0
107,334816000,Reefer,60.33,459.0
108,529614000,Reefer,65.23,991.0
109,548595000,Reefer,69.4,695.87
110,273349630,Reefer,63.0,933.0
111,273441270,Reefer,68.61,1150.0
112,353211424,Reefer,69.0,1153.0
113,354260000,Reefer,69.0,1153.0
114,273358660,Reefer,69.75,1218.0
115,341095000,Reefer,74.12,1327.0
116,273331810,Reefer,69.7,1266.0
117,273351650,Reefer,82.0,1296.0
118,273313840,Reefer,69.65,1173.0
119,515500000,Reefer,84.0,1792.0
120,548600000,Reefer,73.55,1427.0
121,548092100,Reefer,73.55,1427.0
122,374014000,Reefer,79.69,1610.0
123,616735000,Reefer,90.79,2004.0
124,351493000,Reefer,65.85,1246.0
125,351493000,Reefer,65.85,1246.0
126,412202420,Reefer,66.0,1289.0
127,273316040,Reefer,82.02,1597.0
128,515201000,Reefer,78.72,1891.0
129,510182000,Reefer,78.72,1891.0
130,0,Reefer,78.72,1891.0
131,355317000,Reefer,79.83,2113.0
132,412203740,Reefer,84.02,1950.0
133,416001900,Reefer,83.0,1798.0
134,412202350,Reefer,84.33,1912.0
135,412401230,Reefer,83.75,2028.0
136,440196000,Reefer,85.07,1894.0
137,538002989,Reefer,85.07,1894.0
138,441240000,Reefer,84.36,1488.0
139,529615000,Reefer,80.26,1596.0
140,273354620,Reefer,84.0,1915.0
141,273420160,Reefer,90.89,2545.0
142,273310240,Reefer,76.0,1735.0
143,273348520,Reefer,79.0,1846.0
144,273449760,Reefer,95.61,2210.0
145,616852000,Reefer,84.51,2028.0
146,273430160,Reefer,82.9,1787.0
147,273148810,Reefer,95.61,2206.0
148,273818000,Reefer,85.06,2392.0
149,273815000,Reefer,85.06,2489.0
150,273358510,Reefer,91.85,2618.0
151,354670000,Reefer,79.77,2047.0
152,576277000,Reefer,95.92,2781.0
153,538002960,Reefer,95.95,2782.0
154,529089000,Reefer,95.2,2495.0
155,567046600,Reefer,101.26,2966.0
156,567046600,Reefer,101.26,2966.0
157,548335100,Reefer,87.25,2462.0
158,352360000,Reefer,87.25,2462.0
159,214182223,Reefer,100.62,2754.0
160,511388000,Reefer,100.62,2754.0
161,341092000,Reefer,100.62,2754.0
162,529346000,Reefer,94.71,2525.0
163,273815050,Reefer,95.28,2673.0
164,273814050,Reefer,95.28,2673.0
165,440283000,Reefer,91.0,2713.0
166,576420000,Reefer,91.48,2717.0
167,576687000,Reefer,88.94,2581.0
168,577161000,Reefer,96.94,3350.0
169,441418000,Reefer,96.94,3350.0
170,627084000,Reefer,91.0,2716.0
171,529120000,Reefer,104.3,2910.0
172,273219900,Reefer,69.5,1966.0
173,273442740,Reefer,94.87,3226.0
174,273342230,Reefer,95.31,2913.0
175,306126000,Reefer,83.39,2595.0
176,273828310,Reefer,101.89,4014.0
177,273385120,Reefer,99.0,3351.0
178,334533000,Reefer,99.0,3351.0
179,374723000,Reefer,86.09,2713.0
180,341838000,Reefer,92.0,3246.0
181,354036000,Reefer,94.5,3649.0
182,576276000,Reefer,99.5,3822.0
183,374906000,Reefer,99.5,3822.0
184,277247000,Reefer,106.03,3939.0
185,677047700,Reefer,106.03,3939.0
186,244790145,Reefer,126.29,5471.0
187,306509000,Reefer,105.35,4190.0
188,273395480,Reefer,105.35,4190.0
189,529087000,Reefer,99.02,3363.0
190,245409000,Reefer,133.92,5918.0
191,576419000,Reefer,106.86,3802.0
192,352844000,Reefer,85.75,3264.0
193,355141000,Reefer,93.88,2829.0
194,370981000,Reefer,84.64,1490.0
195,441725000,Reefer,110.03,4071.0
196,529052000,Reefer,99.59,3493.0
197,370890000,Reefer,99.59,3493.0
198,353937000,Reefer,92.21,3260.0
199,356591000,Reefer,122.46,4177.0
200,412322340,Reefer,91.5,3218.0
201,529445000,Reefer,91.5,3218.0
202,371565000,Reefer,91.5,3218.0
203,355874000,Reefer,91.41,3520.0
204,440116000,Reefer,96.78,3437.0
205,529101000,Reefer,99.99,3415.0
206,529268000,Reefer,112.9,4056.0
207,529382000,Reefer,120.2,4574.0
208,372210000,Reefer,120.2,4574.0
209,371790000,Reefer,107.96,4202.0
210,529567000,Reefer,116.2,4287.0
211,353451000,Reefer,116.2,4287.0
212,371719000,Reefer,93.71,3170.0
213,273353310,Reefer,122.76,4495.0
214,311004000,Reefer,135.7,5103.0
215,273324210,Reefer,99.01,3526.0
216,353709000,Reefer,99.01,3526.0
217,636017161,Reefer,106.86,3802.0
218,273316230,Reefer,105.23,3634.0
219,311000433,Reefer,95.51,3968.0
220,231766000,Reefer,95.51,3968.0
221,311411000,Reefer,85.93,3399.0
222,311411000,Reefer,85.93,3399.0
223,374831000,Reefer,110.0,4071.0
224,311367000,Reefer,85.93,3398.0
225,374611000,Reefer,99.02,3363.0
226,212857000,Reefer,98.3,3817.0
227,308228000,Reefer,108.22,4091.0
228,309165000,Reefer,108.22,4091.0
229,212856000,Reefer,97.6,3817.0
230,576270000,Reefer,113.37,4521.0
231,353242000,Reefer,94.32,3431.0
232,576728000,Reefer,94.32,3431.0
233,576732000,Reefer,100.98,3936.0
234,636017359,Reefer,100.98,3936.0
235,577077000,Reefer,98.28,3858.0
236,577082000,Reefer,107.88,4394.0
237,255802850,Reefer,100.6,3981.0
238,355199000,Reefer,100.72,3767.0
239,440523000,Reefer,118.92,5122.0
240,273353640,Reefer,116.57,4148.0
241,273348810,Reefer,94.32,3401.0
242,352515000,Reefer,138.0,6117.0
243,355513000,Reefer,110.22,5024.0
244,431263000,Reefer,104.2,4865.0
245,249665000,Reefer,105.0,5136.0
246,312377000,Reefer,117.28,5070.0
247,273351170,Reefer,115.14,5292.0
248,667006047,Reefer,115.14,5292.0
249,440214000,Reefer,119.15,4273.0
250,351817000,Reefer,119.15,4273.0
251,273349530,Reefer,124.68,4936.0
252,431201000,Reefer,124.25,4969.0
253,273356290,Reefer,137.55,6154.0
254,357889000,Reefer,137.55,6154.0
255,259723000,Reefer,120.4,6420.0
256,373443000,Reefer,112.39,6420.0
257,356616000,Reefer,146.02,6557.0
258,356616000,Reefer,146.02,6557.0
259,355720000,Reefer,145.0,6545.0
260,224124000,Reefer,132.9,7207.0
261,273317370,Reefer,125.3,5874.0
262,273353800,Reefer,124.24,7389.0
263,636010125,Reefer,146.29,7089.0
264,341307000,Reefer,123.0,7395.0
265,312900000,Reefer,123.0,7395.0
266,273338510,Reefer,124.19,7057.0
267,273337510,Reefer,124.5,7392.0
268,351747000,Reefer,126.39,7355.0
269,351747000,Reefer,126.39,7355.0
270,636015528,Reefer,136.9,7533.0
271,273395490,Reefer,136.9,7533.0
272,636017108,Reefer,134.15,6558.0
273,356878000,Reefer,142.4,7777.0
274,356878000,Reefer,142.4,7777.0
275,306337000,Reefer,137.49,8984.0
276,273384930,Reefer,136.42,7355.0
277,636014597,Reefer,134.01,5994.0
278,636016249,Reefer,151.0,8665.0
279,310118000,Reefer,151.0,8665.0
280,636014596,Reefer,134.01,5994.0
281,353306000,Reefer,127.38,7367.0
282,354871000,Reefer,133.59,8487.0
283,309578000,Reefer,133.59,8487.0
284,576689000,Reefer,141.0,8483.0
285,373451000,Reefer,141.0,8483.0
286,636012261,Reefer,141.0,8487.0
287,352784000,Reefer,125.03,7307.0
288,529606000,Reefer,84.6,2429.0
289,356514000,Reefer,138.0,7800.0
290,636092423,Reefer,134.1,7326.0
291,636013146,Reefer,148.8,9074.0
292,351336000,Reefer,135.03,7367.0
293,357611000,Reefer,138.0,7959.0
294,273210110,Reefer,152.87,12403.0
295,273211110,Reefer,152.87,12406.0
296,273512400,Reefer,152.69,12527.0
297,273421470,Reefer,154.9,12282.0
298,273816010,Reefer,152.7,12703.0
299,352610000,Reefer,137.8,9438.0
300,309478000,Reefer,137.8,9438.0
301,370305000,Reefer,137.8,9538.0
302,309479000,Reefer,137.8,9538.0
303,636008972,Reefer,144.03,8818.0
304,273356610,Reefer,172.0,13496.0
305,576195000,Reefer,172.12,13506.0
306,311127000,Reefer,150.35,10614.0
307,311294000,Reefer,141.17,10584.0
308,311297000,Reefer,141.17,10584.0
309,314236000,Reefer,151.5,10535.0
310,311295000,Reefer,141.17,10584.0
311,311122000,Reefer,169.1,12659.0
312,636091016,Reefer,155.0,11382.0
313,246428000,Reefer,155.0,11382.0
314,636013073,Reefer,154.0,15058.0
315,636013070,Reefer,158.53,11590.0
316,636013068,Reefer,184.8,15058.0
317,311121000,Reefer,169.09,12659.0
318,244915000,Reefer,151.0,12111.0
319,636092399,Reefer,154.0,11417.0
320,311665000,Reefer,152.0,13099.0
321,311667000,Reefer,152.0,13312.0
322,636092400,Reefer,154.0,11417.0
323,306083000,Reefer,185.91,18931.0
324,310493000,Reefer,185.91,18931.0
325,308701000,Reefer,178.5,14061.0
326,245723000,Reefer,165.0,14091.0
327,308511000,Reefer,178.5,14061.0
328,636014655,Reefer,165.0,14091.0
329,308512000,Reefer,178.5,14061.0
330,563418000,Reefer,134.15,6534.0
331,577122000,Reefer,134.15,6558.0
332,352894000,Reefer,113.0,4499.0
333,538002996,Reefer,115.9,4261.0
334,441377000,Reefer,103.6,3919.0
335,311296000,Reefer,141.17,10584.0
336,249842000,Reefer,124.69,4964.0
337,312284000,Reefer,109.7,5624.0
338,305723000,Reefer,109.7,5624.0
339,353019000,Reefer,102.81,4109.0
340,440220000,Reefer,94.01,2604.0
341,245317000,Reefer,127.0,5471.0
342,352349000,Reefer,125.01,7307.0
343,577089000,Reefer,120.12,4643.0
344,440217000,Reefer,112.04,4643.0
345,529605000,Reefer,97.4,2839.0
346,667003336,Reefer,97.4,2839.0
347,352475000,Reefer,120.73,4392.0
348,567175000,Reefer,81.73,2285.0
349,567175000,Reefer,81.73,2285.0
350,567011500,Reefer,81.73,2285.0
351,371100000,Reefer,88.32,2436.0
352,357745000,Reefer,88.32,2436.0
353,229587000,Reefer,148.0,9072.0
354,371812000,Reefer,140.44,9072.0
355,636013648,Reefer,140.0,9072.0
356,371295000,Reefer,99.7,3830.0
357,356889000,Reefer,100.72,3767.0
358,515777000,Reefer,144.5,7286.0
359,515183000,Reefer,144.5,7286.0
360,374410000,Reefer,144.5,7286.0
361,229644000,Reefer,129.0,6399.0
362,357670000,Reefer,137.55,6399.0
363,371156000,Reefer,129.2,6399.0
364,355894000,Reefer,94.71,2689.0
365,352545000,Reefer,96.7,2689.0
366,567492000,Reefer,96.45,2689.0
367,273317810,Reefer,78.11,1728.0
368,273313950,Reefer,78.11,1728.0
369,515863000,Reefer,73.0,1341.0
370,311123000,Reefer,169.0,12660.0
371,374612000,Reefer,169.0,12660.0
372,374445000,Reefer,144.5,7286.0
373,367773000,Reefer,60.69,7251.0
374,412660240,Reefer,73.99,1328.0
375,412420329,Reefer,70.0,8848.0
376,412440004,Reefer,32.0,2958.0
377,247601000,Reefer,189.73,14868.0
378,312022000,Reefer,93.0,2502.0
379,212373000,Reefer,115.02,4878.0
380,210966000,Reefer,139.7,8864.0
381,258818000,Reefer,120.5,6419.0
382,353773000,Reefer,130.02,6873.0
383,352686000,Reefer,143.75,8520.0
384,352686000,Reefer,143.75,8520.0
385,355076000,Reefer,144.0,9083.0
386,357322000,Reefer,145.48,9340.0
387,357676000,Reefer,136.42,7355.0
388,357697000,Reefer,138.0,7959.0
389,356134000,Reefer,100.64,2754.0
390,351238000,Reefer,65.0,952.0
391,273316080,Reefer,75.37,1901.0
392,273382550,Reefer,105.0,4190.0
393,273417300,Reefer,114.54,4192.0
394,273312950,Reefer,95.6,2462.0
395,273820700,Reefer,86.06,2390.0
396,273428710,Reefer,55.61,720.0
397,273811510,Reefer,85.06,2414.0
398,273810710,Reefer,179.0,32096.0
399,273563210,Reefer,85.06,2388.0
400,273432530,Reefer,99.35,3212.0
401,273897100,Reefer,126.3,8289.0
402,273434080,Reefer,65.11,1009.0
403,273436790,Reefer,83.89,1967.0
404,273856100,Reefer,126.3,8289.0
405,273847200,Reefer,126.3,8289.0
406,273339230,Reefer,67.29,1252.0
407,273339110,Reefer,75.76,1431.0
408,273825700,Reefer,126.3,8289.0
409,308566000,Reefer,121.9,4833.0
410,308372000,Reefer,121.9,4830.0
411,311126000,Reefer,150.35,10614.0
412,308705000,Reefer,178.5,14061.0
413,308462000,Reefer,121.9,4830.0
414,309785000,Reefer,142.15,8924.0
415,616401000,Reefer,75.21,1753.0
416,616575000,Reefer,101.28,2969.0
417,518100019,Reefer,96.96,2768.0
418,514740000,Reefer,96.96,2768.0
419,341852000,Reefer,96.96,2768.0
420,306336000,Reefer,137.49,8962.0
421,306216000,Reefer,140.0,8414.0
422,306084000,Reefer,185.91,18931.0
423,310494000,Reefer,185.91,18931.0
424,306335000,Reefer,137.49,8962.0
425,306338000,Reefer,137.7,9008.0
426,636015529,Reefer,135.5,7534.0
427,273394490,Reefer,135.5,7534.0
428,636014240,Reefer,184.8,15292.0
429,636017275,Reefer,91.48,2717.0
430,636009672,Reefer,153.5,12887.0
431,636013650,Reefer,152.0,13312.0
432,636017301,Reefer,88.94,2581.0
433,636009174,Reefer,153.5,12887.0
434,636013069,Reefer,158.53,11590.0
435,636014241,Reefer,184.8,15292.0
436,636009381,Reefer,153.5,12887.0
437,636016278,Reefer,150.11,10374.0
438,576411000,Reefer,154.0,11438.0
439,515887000,Reefer,110.0,2244.0
440,514087000,Reefer,49.9,392.0
441,677038700,Reefer,49.9,392.0
442,514295000,Reefer,47.0,573.0
443,440707000,Reefer,47.0,573.0
444,514930000,Reefer,57.66,807.0
445,334640000,Reefer,79.21,1289.0
446,0,Reefer,79.21,1289.0
447,334980000,Reefer,92.74,2502.0
448,529620000,Reefer,127.52,4961.0
449,455302000,Reefer,83.26,1954.0
450,455266000,Reefer,83.89,1999.0
451,677026400,Reefer,75.39,1884.0
452,567391000,Reefer,92.77,2413.0
453,567115000,Reefer,76.41,1448.0
454,567486000,Reefer,91.12,2243.0
455,567004800,Reefer,96.98,2988.0
456,567006700,Reefer,82.83,1812.0
457,567451000,Reefer,99.57,2649.0
458,567188000,Reefer,107.68,3624.0
459,538004839,Reefer,144.0,12348.0
460,235661000,Reefer,144.0,12348.0
461,538004732,Reefer,144.76,12411.0
462,319235000,Reefer,144.76,12411.0
463,538004733,Reefer,144.63,12401.0
464,319067000,Reefer,144.63,12401.0
465,538004840,Reefer,144.6,12348.0
466,235660000,Reefer,144.6,12348.0
467,538001908,Reefer,155.27,11443.0
468,538004731,Reefer,144.71,12401.0
469,319166000,Reefer,144.71,12401.0
470,538004729,Reefer,144.79,12411.0
471,319245000,Reefer,144.79,12411.0
472,667943000,Reefer,66.8,1110.0
473,341384000,Reefer,92.21,3138.0
474,312219000,Reefer,92.21,3138.0
475,341099000,Reefer,139.8,8864.0
476,341889000,Reefer,124.69,4964.0
477,341091000,Reefer,90.99,2493.0
478,341244000,Reefer,115.02,4440.0
479,376098000,Reefer,149.0,9096.0
480,248966000,Reefer,149.0,9096.0
481,341464000,Reefer,49.0,489.0
482,538001906,Reefer,155.27,11443.0
483,567476000,Reefer,80.65,2305.0
484,357048000,Reefer,80.65,2305.0
485,334548000,Reefer,125.2,4790.0
486,351795000,Reefer,125.2,4790.0
487,352308000,Reefer,78.52,1877.0
488,229360000,Reefer,78.52,1877.0
489,373837000,Reefer,179.9,20867.0
490,538007082,Reefer,179.9,20867.0
491,413202530,Reefer,98.53,3065.0
492,445018000,Reefer,98.5,4061.0
493,457747000,Reefer,98.5,4061.0
494,667003355,Reefer,57.96,975.0
495,667003355,Reefer,57.96,975.0
496,416542000,Reefer,95.2,2495.0
497,413554170,Reefer,128.0,2347.0
498,200001140,Reefer,77.0,1588.0
499,374083000,Reefer,85.32,2047.0
500,416730000,Reefer,71.4,995.0
501,412551380,Reefer,109.6,3110.0
502,636017396,Reefer,98.28,3858.0
503,725000971,Reefer,36.0,499.0
504,259555000,Reefer,36.0,499.0
505,529642000,Reefer,88.78,3683.0
506,518332000,Reefer,111.96,3936.0
507,312845000,Reefer,112.0,3936.0
508,306871000,Reefer,117.0,5110.0
509,440257000,Reefer,117.31,4988.0
510,352796000,Reefer,94.97,3475.0
511,538002995,Reefer,100.8,3475.0
512,576328000,Reefer,99.06,3989.0
513,636017162,Reefer,99.06,3989.0
514,311663000,Reefer,158.5,11658.0
515,311664000,Reefer,158.5,11658.0
516,311676000,Reefer,158.5,11658.0
517,311449000,Reefer,135.7,5103.0
518,311461000,Reefer,135.7,5103.0
519,311029000,Reefer,135.7,5103.0
520,520093696,Reefer,79.5,1419.0
521,529161000,Reefer,80.0,1410.0
522,457716000,Reefer,80.0,1410.0
523,529607000,Reefer,80.68,1998.0
524,374173000,Reefer,83.0,1998.0
525,256064000,Reefer,167.0,14413.0
526,636091009,Reefer,167.0,14413.0
527,636091008,Reefer,167.0,14413.0
528,256045000,Reefer,167.0,14413.0
529,309193000,Reefer,164.3,14406.0
530,311062300,Reefer,164.3,14406.0
531,311062200,Reefer,164.3,14406.0
532,311062400,Reefer,164.3,14406.0
533,440664000,Reefer,91.82,3387.67
534,441834000,Reefer,76.0,2840.05
535,548601000,Reefer,61.88,1292.06
536,627093246,Reefer,91.62,2856.5
537,356065000,Reefer,86.71,2592.25
538,355813000,Reefer,93.97,3065.0
539,576507000,Reefer,99.08,3818.5
540,636091098,Reefer,128.25,6222.5
541,576285000,Reefer,105.37,3516.8
542,353185000,Reefer,114.82,4166.2
543,351478000,Reefer,144.34,8996.0
544,412217989,Reefer,77.65,1776.0
545,244820009,Reefer,117.18,5106.67
546,229575000,Reefer,117.18,5106.67
547,312097000,Reefer,45.01,1122.0
548,441032000,Reefer,86.33,2104.66
549,441032000,Reefer,86.33,2104.66
550,229359000,Reefer,69.0,1267.0
551,354034000,Reefer,69.0,1267.0
552,273136500,Reefer,36.12,217.0
553,273812800,Reefer,31.85,190.0
554,375497000,Reefer,144.0,11233.0
555,412204290,Reefer,67.0,986.0
556,412320810,Reefer,54.17,399.0
557,412321260,Reefer,76.0,1736.0
558,412321320,Reefer,60.8,837.0
559,412400780,Reefer,65.8,943.0
560,412400790,Reefer,65.8,943.0
561,412400810,Reefer,60.8,826.0
562,412400940,Reefer,66.8,1097.0
563,412440560,Reefer,71.4,1194.0
564,273421900,Reefer,228.61,49367.0
565,353670000,Reefer,70.77,1238.0
566,259091000,Reefer,63.0,1468.0
567,259078000,Reefer,69.99,2189.0
568,273312180,Reefer,153.0,12398.0
569,355636000,Reefer,68.94,1267.0
570,667006086,Reefer,65.1,1028.0
571,529604000,Reefer,85.32,2047.0
572,636016239,Reefer,175.72,14505.0
573,306845000,Reefer,175.72,14505.0
574,457689000,Reefer,75.0,1884.0
575,355082000,Reefer,498.0,2502.0
576,567196000,Reefer,81.0,2732.0
577,334980000,Reefer,92.74,2502.0
578,377036000,Reefer,84.51,2688.0
579,636011696,Reefer,142.0,7777.0
580,375748000,Reefer,155.0,11392.0
581,377213000,Reefer,155.0,11392.0
582,374045000,Reefer,80.26,1596.0
583,514957000,Reefer,81.0,1596.0
584,312534000,Reefer,76.67,2617.0
585,620149000,Reefer,108.76,3960.0
586,667003426,Reefer,65.23,991.0
587,367445470,Reefer,53.25,1134.0
588,366577000,Reefer,90.07,4428.0
589,367395640,Reefer,71.02,2051.0
590,367545050,Reefer,50.0,749.0
591,366299000,Reefer,88.4,5716.0
592,367438060,Reefer,29.0,165.0
593,366899490,Reefer,54.96,1495.0
594,367098190,Reefer,24.0,214.0
595,367019340,Reefer,26.15,179.0
596,367392530,Reefer,33.0,195.0
597,368633000,Reefer,26.09,162.0
598,367176240,Reefer,38.0,215.0
599,366744930,Reefer,30.0,163.0
600,367014560,Reefer,30.0,192.0
601,366971260,Reefer,25.0,130.0
602,355357000,Reefer,69.78,973.0
603,636092595,Reefer,116.5,7687.0
604,308448000,Reefer,116.5,7687.0
605,229475000,Reefer,116.5,7687.0
606,416521000,Reefer,75.0,995.0
607,413692650,Reefer,77.02,1593.0
608,533000333,Reefer,64.85,1153.0
609,413270220,Reefer,50.0,619.0
610,416833000,Reefer,53.15,498.0
611,416788000,Reefer,104.5,2912.46
612,412694950,Reefer,82.0,1588.0
613,412692990,Reefer,66.0,
614,366971230,Reefer,22.0,
615,366888160,Reefer,22.0,
616,510021000,Reefer,60.0,
617,416171700,Reefer,70.0,
618,529608000,Reefer,82.65,1995.0
619,529069000,Reefer,83.0,1995.0
620,529758000,Reefer,78.88,1995.0
621,312413000,Reefer,78.88,1995.0
622,325700000,Reefer,78.88,1995.0
623,413447320,Reefer,79.0,1995.0
624,667003229,Reefer,83.0,1995.0
625,309716000,Reefer,156.53,10842.0
626,309075000,Reefer,156.53,10842.0
627,314012000,Reefer,156.85,10842.0
628,636016166,Reefer,156.0,10842.0
629,636090217,Reefer,156.0,10842.0
630,314011000,Reefer,156.8,10842.0
631,636090299,Reefer,156.8,10842.0
632,636016167,Reefer,156.0,10842.0
633,636090312,Reefer,156.0,10842.0
634,273354740,Reefer,133.81,6964.0
635,229428000,Reefer,122.92,6964.0
636,229382000,Reefer,122.92,6964.0
637,356517000,Reefer,125.5,6971.0
638,273330280,Reefer,133.81,6971.0
639,356986000,Reefer,133.81,6971.0
640,273354770,Reefer,133.77,6971.0
641,353585000,Reefer,133.77,6971.0
642,352055000,Reefer,133.75,6971.0
643,244542000,Reefer,103.75,3999.0
644,244542000,Reefer,103.75,3999.0
645,309361000,Reefer,109.85,3999.0
646,277099000,Reefer,112.0,3999.0
647,341353000,Reefer,107.48,3999.0
648,376311000,Reefer,107.48,3999.0
649,412946000,Reefer,86.33,2340.0
650,353828000,Reefer,86.34,2340.0
651,412899000,Reefer,86.0,2340.0
652,412208610,Reefer,86.33,2340.0
653,567008100,Reefer,80.74,2340.0
654,273895510,Reefer,54.92,683.0
655,273434600,Reefer,54.9,683.0
656,567266000,Reefer,101.93,2989.0
657,567231000,Reefer,101.93,2989.0
658,334622000,Reefer,102.0,2989.0
659,567255000,Reefer,101.94,2989.0
660,567487000,Reefer,101.94,2989.0
661,334674000,Reefer,102.0,2989.0
662,372199000,Reefer,117.31,4963.0
663,372199000,Reefer,117.31,4963.0
664,374830000,Reefer,124.0,4963.0
665,357772000,Reefer,124.0,4963.0
666,577315000,Reefer,124.0,4963.0
667,312887000,Reefer,122.85,4970.0
668,357497000,Reefer,117.31,4970.0
669,277348000,Reefer,134.01,7313.0
670,636013523,Reefer,132.0,7313.0
671,529730000,Reefer,106.0,5286.0
672,440170000,Reefer,106.0,5286.0
673,273179300,Reefer,106.0,5286.0
674,636013649,Reefer,148.52,9070.0
675,356609000,Reefer,147.0,9070.0
676,636013652,Reefer,147.0,9070.0
677,636013651,Reefer,148.0,9070.0
678,308572000,Reefer,148.8,9070.0
679,356728000,Reefer,116.33,6082.0
680,229563000,Reefer,116.0,6082.0
681,636011904,Reefer,116.0,6082.0
682,311043800,Reefer,107.5,5084.0
683,645376000,Reefer,107.52,5084.0
684,636014564,Reefer,107.52,5084.0
685,636017251,Reefer,117.27,5100.0
686,245973000,Reefer,117.28,5100.0
687,306873000,Reefer,117.0,5100.0
688,645358000,Reefer,117.0,5100.0
689,229705000,Reefer,117.27,5100.0
690,306872000,Reefer,117.27,5100.0
691,311042300,Reefer,119.37,5617.0
692,636016998,Reefer,119.55,5617.0
693,258963000,Reefer,119.55,5617.0
694,311043900,Reefer,119.55,5617.0
695,374849000,Reefer,103.73,3835.0
696,529650000,Reefer,103.73,3835.0
697,529529000,Reefer,103.73,3835.0
698,667007053,Reefer,103.73,3835.0
699,311087000,Reefer,149.41,9749.0
700,311088000,Reefer,141.3,9749.0
701,514266000,Reefer,143.54,8739.0
702,351763000,Reefer,143.52,8739.0
703,636013153,Reefer,141.01,8739.0
704,636013148,Reefer,141.01,8739.0
705,529874000,Reefer,143.54,8739.0
706,354569000,Reefer,153.0,12383.0
707,273816020,Reefer,152.79,12383.0
708,311433000,Reefer,144.6,12383.0
709,311447000,Reefer,144.6,12383.0
710,354570000,Reefer,153.0,12383.0
711,312273000,Reefer,150.09,12413.0
712,636014471,Reefer,152.14,12413.0
713,354811000,Reefer,152.14,12413.0
714,356567000,Reefer,144.34,12413.0
715,374610000,Reefer,152.87,12413.0
716,312379000,Reefer,152.0,12413.0
717,354464000,Reefer,150.09,12413.0
718,308090000,Reefer,158.9,13049.0
719,308090000,Reefer,158.9,13049.0
720,636012747,Reefer,144.4,10629.0
721,636012750,Reefer,138.5,10629.0
722,354240000,Reefer,150.3,10629.0
723,356962000,Reefer,150.3,10629.0
724,636012748,Reefer,150.3,10629.0
725,273433100,Reefer,,187.0
726,412206210,Reefer,,138.0
727,412660230,Reefer,,961.0
728,249889000,Reefer,,
729,273332291,Reefer,,
730,310746848,Reefer,,
731,371118580,Reefer,,
732,273332299,Reefer,,
733,351219000,Reefer,,
734,412553010,Reefer,,
735,432661000,Reefer,,
736,667003111,Reefer,,
737,224500000,Reefer,,
738,273332326,Reefer,,
739,548401400,Reefer,,
740,416064900,Reefer,,
741,273851400,Reefer,,
742,366946960,Reefer,,
743,312413000,Reefer,68.0,1316.0
744,273356010,Reefer,68.0,1077.0
745,671641000,Reefer,68.0,1077.0
746,341376000,Reefer,68.0,1313.0
747,325223000,Reefer,68.0,1313.0
748,529623000,Reefer,96.0,3687.0
749,273397490,Reefer,96.0,3687.0
750,354604000,Reefer,96.0,3687.0
751,354464000,Reefer,96.0,2962.0
752,372661000,Reefer,96.0,2962.0
753,352769000,Reefer,108.0,4677.0
754,354461000,Reefer,108.0,4677.0
755,341891000,Reefer,108.0,5084.0
756,636014563,Reefer,108.0,5084.0
757,231792000,Reefer,108.0,5084.0
758,577314000,Reefer,120.0,4574.0
759,352199000,Reefer,120.0,4574.0
760,273378130,Reefer,120.0,4488.0
761,308735000,Reefer,120.0,4488.0
762,229463000,Reefer,120.0,4488.0
763,636016916,Reefer,120.0,5617.0
764,529096000,Reefer,137.0,6049.0
765,374317000,Reefer,137.0,6049.0
766,277331000,Reefer,137.0,7212.0
767,372538000,Reefer,137.0,7212.0
768,312820000,Reefer,137.0,7212.0
769,374762000,Reefer,120.75,4538.0
770,374244000,Reefer,120.75,4521.0
771,440113000,Reefer,120.75,4490.0
772,354493000,Reefer,120.75,4457.0
773,441690000,Reefer,120.75,4519.0
774,355966000,Reefer,120.75,4458.0
775,352241000,Reefer,120.75,4522.0
776,538002899,Reefer,120.75,4490.0
777,357058000,Reefer,120.75,4513.0
778,441822000,Reefer,120.75,4457.0
779,529485000,Reefer,120.75,4491.0
780,374030000,Reefer,120.75,4491.0
781,374446000,Reefer,120.75,4521.0
782,576107000,Reefer,120.75,4538.0
783,576139000,Reefer,120.75,4522.0
784,577105000,Reefer,120.75,4741.17
785,371727000,Reefer,120.75,4741.17
786,354102000,Reefer,120.75,4741.17
787,376556000,Reefer,145.5,10298.0
788,310324000,Reefer,145.5,10298.0
789,375804000,Reefer,145.5,10298.0
790,403025000,Reefer,145.5,10298.0
791,375254000,Reefer,145.5,10298.0
792,310323000,Reefer,145.5,10298.0
793,548050500,Reefer,85.0,1888.0
794,576274000,Reefer,85.0,1888.0
795,273449510,Reefer,85.0,2342.0
796,376715000,Reefer,85.0,2342.0
797,272554000,Reefer,85.0,2342.0
798,273879400,Reefer,85.0,2469.0
799,273421150,Reefer,85.0,2416.0
800,273431300,Reefer,85.0,2428.0
801,273421150,Reefer,85.0,2416.0
802,577310000,Reefer,97.0,3683.0
803,567293000,Reefer,97.0,2481.0
804,352656000,Reefer,97.0,3683.0
805,412440033,Reefer,97.0,
806,412699340,Reefer,97.0,
807,372594000,Reefer,109.0,4364.0
808,441759000,Reefer,109.0,4428.0
809,341443000,Reefer,109.0,4361.0
810,352739000,Reefer,109.0,4361.0
811,311011400,Reefer,109.0,5084.0
812,311009500,Reefer,109.0,5084.0
813,311009700,Reefer,109.0,5084.0
814,308541000,Reefer,109.0,5084.0
815,311009400,Reefer,109.0,5084.0
816,311040500,Reefer,109.0,5084.0
817,311042400,Reefer,109.0,5084.0
818,311009600,Reefer,109.0,5084.0
819,351527000,Reefer,125.0,5070.0
820,636013524,Reefer,125.0,7303.0
821,373731000,Reefer,125.0,4988.0
822,636014105,Reefer,125.0,4988.0
823,374478000,Reefer,125.0,4988.0
824,352351000,Reefer,125.0,7313.0
825,566042000,Reefer,162.5,14022.0
826,566341000,Reefer,162.5,14022.0
827,566090000,Reefer,162.5,14022.0
828,566059000,Reefer,162.5,14030.0
829,566041000,Reefer,162.5,14030.0
830,566006000,Reefer,162.5,14030.0
831,636016511,Reefer,162.5,14030.0
832,566058000,Reefer,162.5,14030.0
833,566049000,Reefer,162.5,14030.0
834,566028000,Reefer,162.5,14030.0
835,373962000,Reefer,139.0,7637.0
836,548483000,Reefer,139.0,7637.0
837,373246000,Reefer,139.0,7627.0
838,548541000,Reefer,139.0,7627.0
839,636011973,Reefer,139.0,8041.0
840,309281000,Reefer,131.25,7743.0
841,309681000,Reefer,131.25,7743.0
842,309689000,Reefer,131.25,7743.0
843,311289000,Reefer,131.25,7743.0
844,308868000,Reefer,131.25,7743.0
845,311051000,Reefer,131.25,7743.0
846,273847300,Reefer,55.0,801.0
847,273434010,Reefer,55.0,678.0
848,273825810,Reefer,55.0,676.0
849,273813900,Reefer,55.0,676.0
850,273814810,Reefer,55.0,676.0
851,273813810,Reefer,55.0,676.0
852,273875400,Reefer,55.0,677.0
853,273898210,Reefer,55.0,677.0
854,273891210,Reefer,55.0,677.0
855,273827710,Reefer,55.0,683.0
856,273829410,Reefer,55.0,683.0
857,273825200,Reefer,55.0,683.0
858,515604000,Reefer,55.0,683.0
859,273844510,Reefer,55.0,683.0
860,355665576,Reefer,90.0,2453.0
861,273344710,Reefer,90.0,3403.0
862,616757000,Reefer,90.0,2242.0
863,334667000,Reefer,90.0,2243.0
864,567259000,Reefer,90.0,2243.0
865,431472000,Reefer,94.0,2604.0
866,273356760,Reefer,94.0,2712.0
867,576626000,Reefer,94.0,2707.0
868,576414009,Reefer,94.0,3496.0
869,576414000,Reefer,94.0,3496.0
870,529304000,Reefer,94.0,2692.0
871,440046000,Reefer,94.0,2692.0
872,370866000,Reefer,94.0,2692.0
873,374321000,Reefer,126.0,5578.0
874,529199000,Reefer,126.0,
875,636009737,Reefer,126.0,6082.0
876,373755000,Reefer,126.0,6082.0
877,636011004,Reefer,126.0,6082.0
878,441723000,Reefer,126.0,6082.0
879,311668000,Reefer,140.5,7944.0
880,311957000,Reefer,140.5,7944.0
881,311955000,Reefer,140.5,7944.0
882,311956000,Reefer,140.5,7944.0
883,314006000,Reefer,140.5,7944.0
884,518184000,Reefer,140.5,7944.0
885,273352700,Reefer,71.0,1448.0
886,341537000,Reefer,71.0,1416.0
887,514666000,Reefer,71.0,1416.0
888,514666000,Reefer,71.0,1416.0
889,273351900,Reefer,71.0,1412.0
890,273441670,Reefer,71.0,1727.0
891,273819710,Reefer,71.0,1415.0
892,374048000,Reefer,95.0,2495.0
893,273367690,Reefer,95.0,3219.0
894,371223000,Reefer,95.0,3219.0
895,273848200,Reefer,95.0,2683.0
896,367526070,Reefer,95.0,4807.0
897,273312860,Reefer,103.0,4295.0
898,273313270,Reefer,103.0,4298.0
899,273311860,Reefer,103.0,4295.0
900,273313470,Reefer,103.0,4295.0
901,334567000,Reefer,103.0,2989.0
902,355069000,Reefer,103.0,2989.0
903,372825000,Reefer,103.0,3835.0
904,273311610,Reefer,103.0,3835.0
905,636016700,Reefer,115.0,5136.0
906,370070000,Reefer,115.0,5131.0
907,308564000,Reefer,115.0,5225.0
908,273319440,Reefer,115.0,5131.0
909,440014000,Reefer,115.0,5225.0
910,440057000,Reefer,115.0,5286.0
911,440057000,Reefer,115.0,5286.0
912,273148000,Reefer,115.0,5286.0
913,352247000,Reefer,115.0,5286.0
914,273359920,Reefer,134.0,6989.0
915,210631000,Reefer,134.0,6864.0
916,273379740,Reefer,134.0,6864.0
917,354666000,Reefer,134.0,6864.0
918,636017004,Reefer,134.0,5918.0
919,273332290,Reefer,134.0,6964.0
920,273352570,Reefer,134.0,6964.0
921,352966000,Reefer,134.0,6964.0
922,273374170,Reefer,134.0,6971.0
923,341104000,Reefer,134.0,6971.0
924,356673000,Reefer,134.0,6971.0
925,667006043,Reefer,134.0,6971.0
926,636091006,Reefer,150.0,9307.0
927,311907000,Reefer,150.0,10375.0
928,306354000,Reefer,150.0,9298.0
929,636013624,Reefer,150.0,10804.0
930,636013625,Reefer,150.0,10804.0
931,636011106,Reefer,150.0,10368.0
932,375838000,Reefer,150.0,10394.0
933,311704000,Reefer,150.0,10394.0
934,514117000,Reefer,150.0,9749.0
935,374407000,Reefer,150.0,9749.0
936,311086000,Reefer,150.0,9749.0
937,636012749,Reefer,150.0,10629.0
938,529781000,Reefer,150.0,10629.0
939,636091017,Reefer,143.0,8507.0
940,636091012,Reefer,143.0,8879.0
941,370095000,Reefer,143.0,9603.0
942,374198000,Reefer,143.0,8896.0
943,306303000,Reefer,143.0,8896.0
944,636091013,Reefer,143.0,8917.0
945,351698000,Reefer,143.0,9576.0
946,311091000,Reefer,143.0,8597.0
947,538003418,Reefer,143.0,10366.0
948,357993000,Reefer,143.0,9576.0
949,357919000,Reefer,143.0,9576.0
950,312174000,Reefer,92.23,3246.0
951,441034000,Reefer,92.23,3244.0
952,412322280,Reefer,92.23,3260.0
953,730151013,Reefer,92.23,3264.0
954,354667000,Reefer,92.23,3264.0
955,273358410,Reefer,92.23,3235.0
956,616885000,Reefer,92.23,3261.0
957,529558000,Reefer,92.23,3267.0
958,273824020,Reefer,54.99,796.0
959,273812060,Reefer,54.99,684.0
960,273847710,Reefer,54.99,759.0
961,273873500,Reefer,54.99,794.0
962,515175000,Reefer,54.99,703.0
963,273840420,Reefer,54.99,703.0
964,273459400,Reefer,54.99,683.0
965,341844000,Reefer,54.99,683.0
966,273813060,Reefer,54.99,683.0
967,273842700,Reefer,54.99,683.0
968,273311330,Reefer,54.99,683.0
969,273817200,Reefer,54.99,683.0
970,273844500,Reefer,54.99,683.0
971,273844700,Reefer,54.99,683.0
972,273846410,Reefer,54.99,683.0
973,273561800,Reefer,54.99,683.0
974,272727000,Reefer,54.99,683.0
975,529764000,Reefer,149.03,9032.0
976,636017752,Reefer,149.03,9032.0
977,314233000,Reefer,149.03,9032.0
978,514298000,Reefer,149.03,9092.0
979,374290000,Reefer,149.03,9092.0
980,375789000,Reefer,149.03,9092.0
981,529837000,Reefer,144.35,11243.0
982,636017709,Reefer,144.35,11243.0
983,377762000,Reefer,144.35,11243.0
984,375045000,Reefer,144.35,11243.0
985,371210000,Reefer,144.35,12383.0
986,636015904,Reefer,149.92,9859.0
987,636015811,Reefer,149.92,9859.0
988,357041000,Reefer,149.92,9859.0
989,352408000,Reefer,149.92,9860.0
990,355694000,Reefer,149.92,9859.0
991,636091014,Reefer,151.99,10532.0
992,229737000,Reefer,151.99,10532.0
993,636091005,Reefer,151.99,10532.0
994,229981000,Reefer,151.99,10532.0
995,636091015,Reefer,151.99,10532.0
996,370032000,Reefer,151.99,10519.0
997,352785000,Reefer,151.99,10519.0
998,314010000,Reefer,151.99,10519.0
999,563388000,Reefer,151.99,10519.0
1000,351827000,Reefer,151.99,10519.0
1001,636091007,Reefer,151.99,10519.0
1002,256389000,Reefer,151.99,10519.0
1003,351015000,Reefer,151.99,10519.0
1004,351662000,Reefer,151.99,10519.0
1005,308668000,Reefer,158.13,13077.0
1006,308122000,Reefer,158.13,13049.0
1007,308124000,Reefer,158.13,13049.0
1008,308124000,Reefer,158.13,13049.0
1009,308126000,Reefer,158.13,13049.0
1010,308121000,Reefer,158.13,13049.0
1011,308438000,Reefer,158.13,13049.0
1012,273435310,Reefer,85.1,2399.0
1013,273410910,Reefer,85.1,2418.0
1014,273433460,Reefer,85.1,2399.0
1015,273253100,Reefer,85.1,2461.0
1016,273252100,Reefer,85.1,2416.0
1017,273257000,Reefer,85.1,2483.0
1018,273251100,Reefer,85.1,2416.0
1019,273833000,Reefer,126.6,6665.0
1020,273421240,Reefer,126.6,6689.0
1021,273815020,Reefer,126.6,6665.0
1022,273425770,Reefer,126.6,6607.0
1023,273449080,Reefer,126.6,6648.0
1024,273811020,Reefer,133.95,6998.0
1025,273420240,Reefer,133.95,6998.0
1026,273422240,Reefer,133.95,6998.0
1027,341049000,Reefer,133.95,6989.0
1028,341009000,Reefer,133.95,6989.0
1029,341759000,Reefer,133.95,6964.0
1030,352864000,Reefer,133.95,6964.0
1031,273335960,Reefer,133.95,6964.0
1032,306073000,Reefer,133.95,6964.0
1033,636016687,Reefer,133.95,6964.0
1034,548906000,Reefer,133.95,6964.0
1035,273358980,Reefer,133.95,6971.0
1036,354408000,Reefer,133.95,6971.0
1037,273310720,Reefer,133.95,6971.0
1038,273357670,Reefer,133.95,6971.0
1039,352367000,Reefer,133.95,6971.0
1040,273350580,Reefer,133.95,6971.0
1041,229738000,Reefer,144.52,10203.0
1042,352775000,Reefer,144.52,10203.0
1043,636091091,Reefer,144.52,10203.0
1044,636015625,Reefer,144.52,9649.0
1045,357689000,Reefer,144.52,9649.0
1046,311054900,Reefer,144.52,9649.0
1047,538005038,Reefer,144.52,9649.0
1048,357846000,Reefer,144.52,9649.0
1049,636092422,Reefer,134.02,7303.0
1050,636091096,Reefer,134.02,7329.0
1051,636091097,Reefer,134.02,7329.0
1052,370115000,Reefer,134.02,7303.0
1053,352256000,Reefer,134.02,7307.0
1054,277380000,Reefer,134.02,7313.0
1055,636092421,Reefer,134.02,7313.0
1056,351776000,Reefer,145.55,6183.0
1057,667001392,Reefer,145.55,6579.0
1058,636017010,Reefer,145.55,6579.0
1059,308743000,Reefer,145.55,6579.0
1060,308765000,Reefer,145.55,6579.0
1061,636091099,Reefer,141.8,9829.0
1062,636091103,Reefer,141.8,9820.0
1063,636091100,Reefer,141.8,9829.0
1064,636091090,Reefer,141.8,9829.0
1065,636091102,Reefer,141.8,9829.0
1066,273429140,Reefer,152.94,12410.0
1067,371717000,Reefer,152.94,12398.0
1068,273312280,Reefer,152.94,12398.0
1069,273817020,Reefer,152.94,12383.0
1070,357805000,Reefer,152.94,12383.0
1071,273352840,Reefer,152.94,12383.0
1072,529844000,Reefer,152.94,12413.0
1073,373039000,Reefer,152.94,12413.0
1074,273557400,Reefer,152.94,12413.0
1075,667003248,Reefer,152.94,12413.0
1076,312621000,Reefer,152.94,12413.0
1077,636017561,Reefer,152.94,12413.0
1078,636016280,Reefer,150.01,10402.0
1079,636091092,Reefer,150.01,10402.0
1080,309841000,Reefer,150.01,10412.0
1081,636016279,Reefer,150.01,10381.0
1082,636091093,Reefer,150.01,10381.0
1083,636016281,Reefer,150.01,10381.0
1084,636091094,Reefer,150.01,10381.0
1085,376553000,Reefer,150.01,10405.0
1086,636014076,Reefer,150.01,10405.0
1087,314005000,Reefer,150.01,10374.0
1088,518369000,Reefer,150.01,10374.0
1089,214182402,Reefer,55.02,669.0
1090,272523000,Reefer,55.02,669.0
1091,273892210,Reefer,55.02,677.0
1092,273829220,Reefer,55.02,677.0
1093,273896310,Reefer,55.02,677.0
1094,667006103,Reefer,55.02,677.0
1095,576711000,Reefer,141.58,8519.0
1096,353982000,Reefer,141.58,8519.0
1097,576688000,Reefer,141.58,8519.0
1098,373897000,Reefer,141.58,8519.0
1099,273381350,Reefer,141.58,8609.0
1100,355658000,Reefer,141.58,8609.0
1101,356636000,Reefer,120.7,4457.0
1102,352708000,Reefer,120.7,4457.0
1103,356386000,Reefer,120.7,4444.0
1104,577324000,Reefer,120.7,4430.0
1105,370190000,Reefer,120.7,4430.0
1106,529646000,Reefer,120.7,4430.0
1107,355802000,Reefer,120.7,4446.0
1108,374115000,Reefer,120.7,4444.0
1109,529523000,Reefer,120.7,4444.0
1110,277254000,Reefer,120.7,4444.0
1111,440101000,Reefer,120.7,4429.0
1112,538002997,Reefer,120.7,4429.0
1113,354469000,Reefer,124.7,4939.0
1114,352085000,Reefer,124.7,4964.0
1115,306752000,Reefer,124.7,5476.0
1116,354716000,Reefer,124.7,4936.0
1117,636013976,Reefer,124.7,5476.0
1118,354062000,Reefer,124.7,4970.0
1119,441949000,Reefer,124.7,4970.0
1120,249709000,Reefer,124.7,4970.0
1121,325447000,Reefer,124.7,4970.0
1122,353631000,Reefer,55.01,676.0
1123,273850200,Reefer,55.01,676.0
1124,273820900,Reefer,55.01,677.0
1125,273191300,Reefer,55.01,677.0
1126,273457850,Reefer,55.01,677.0
1127,273195200,Reefer,55.01,677.0
1128,273872100,Reefer,55.01,677.0
1129,273893210,Reefer,55.01,677.0
